model,iterations,mutation_models,Output_difference_PyTorch_TensorFlow
xception,1,xception-imagenet_origin-MShape0-SpecialI2-MDtype11-LMerg39-MDtype41-MParam53-MDtype96_1,-1.0
xception,2,xception-imagenet_origin-Edge4-LMerg23-MDtype80_2,-1.0
xception,3,xception-imagenet_origin-MShape0-SpecialI2-MDims45-NLAll76_3,-1.0
xception,4,xception-imagenet_origin-MShape0-SpecialI2_4,-1.0
xception,5,xception-imagenet_origin-MShape0-SpecialI2-MDims45-Edge46_5,-1.0
xception,6,xception-imagenet_origin-MDtype3-Edge5_6,-1.0
xception,7,xception-imagenet_origin-MDtype3-Edge30-MDtype61_7,-1.0
xception,8,xception-imagenet_origin-Edge4-NLAll13-MDims18_8,-1.0
xception,9,xception-imagenet_origin-MShape0-NLAll9-MShape36_9,-1.0
xception,10,xception-imagenet_origin-MShape0-SpecialI2-MDtype11-LMerg39-MDtype41-MParam53-SpecialI68_10,-1.0
xception,11,xception-imagenet_origin-MDtype3-MParam38-Edge93_11,-1.0
xception,12,xception-imagenet_origin-MShape0-NLAll9-NLAll33_12,-1.0
xception,13,xception-imagenet_origin-MDtype3-Edge5-MParam27-NLAll37-MParam57-MDtype63-MDtype74_13,-1.0
xception,14,xception-imagenet_origin-MShape0-SpecialI2-MDtype11-MShape28_14,-1.0
xception,15,xception-imagenet_origin-MShape1-LMerg10-Edge25-MDtype29_15,-1.0
xception,16,xception-imagenet_origin-MShape0-SpecialI2-MDims45-MDtype58_16,-1.0
xception,17,xception-imagenet_origin-MDtype3-Edge5-MParam27-NLAll37-MParam57-MDtype63-MDtype74-NLAll79_17,-1.0
xception,18,xception-imagenet_origin-MShape1-MDtype16-SpecialI59_18,-1.0
xception,19,xception-imagenet_origin-MShape0-SpecialI2-MDtype11-LMerg39-MDtype41-MDtype69_19,-1.0
xception,20,xception-imagenet_origin-MShape0-SpecialI2-MDtype11-LMerg39-NLAll91-MDims99_20,-1.0
xception,21,xception-imagenet_origin-MShape0-SpecialI2-MDtype11-LMerg39_21,-1.0
xception,22,xception-imagenet_origin-MShape1-LMerg10-Edge25_22,9.481652677059174
xception,23,xception-imagenet_origin-MShape1-MDtype16-SpecialI72_23,9.481652677059174
xception,24,xception-imagenet_origin-MShape1-LMerg10-Edge25-NLAll32-Edge97_24,9.067304491996765
xception,25,xception-imagenet_origin-MShape0-SpecialI2-MDtype11-LMerg39-MDtype41-MParam53_25,9.067304491996765
xception,26,xception-imagenet_origin-MShape1-LMerg10-Edge25-NLAll32_26,8.993976652622223
xception,27,xception-imagenet_origin-MShape1-Edge35_27,8.957388758659363
xception,28,xception-imagenet_origin-Edge4-NLAll13-LMerg56-NLAll66_28,8.957388758659363
xception,29,xception-imagenet_origin-MDtype3-Edge5-MParam27-NLAll37-MParam57_29,8.957388758659363
xception,30,xception-imagenet_origin-MShape0-SpecialI2-MDims45_30,
xception,31,xception-imagenet_origin-Edge4-NLAll13_31,
xception,32,xception-imagenet_origin-Edge4-NLAll13-LMerg56-SpecialI98_32,
xception,33,xception-imagenet_origin-Edge4-NLAll13-LMerg56_33,
xception,34,xception-imagenet_origin-MShape0-SpecialI2-MDtype11-LMerg39-Edge65-SpecialI67_34,
xception,35,xception-imagenet_origin-MDtype3-Edge5-MParam27-NLAll37-NLAll47_35,
xception,36,xception-imagenet_origin-MShape1_36,0.01424915110692382
xception,37,xception-imagenet_origin-MShape0-MParam17_37,
xception,38,xception-imagenet_origin-MShape0-SpecialI2-MDtype11-LMerg39-Edge65_38,
xception,39,xception-imagenet_origin-MShape0-NLAll9-MDims62_39,0.005518724239664152
xception,40,xception-imagenet_origin-MShape0-SpecialI2-MDtype11-LMerg39-Edge65-NLAll70_40,0.005518724239664152
xception,41,xception-imagenet_origin-MShape0-SpecialI2-MDtype11-LMerg39-Edge65-MShape73_41,0.005518724239664152
xception,42,xception-imagenet_origin-MShape0-NLAll9-MShape36-MDtype92_42,0.005518724239664152
xception,43,xception-imagenet_origin-Edge4-SpecialI21_43,
xception,44,xception-imagenet_origin-MShape0-SpecialI2-MDtype11-LMerg39-MDtype41_44,
xception,45,xception-imagenet_origin-Edge4-LMerg7_45,
xception,46,xception-imagenet_origin-MShape1-LMerg10-Edge25-NLAll84-MShape94_46,
xception,47,xception-imagenet_origin-MShape1-LMerg10_47,0.006183917682847095
xception,48,xception-imagenet_origin-MDtype3-Edge5-SpecialI31_48,0.006183917682847095
xception,49,xception-imagenet_origin-MShape0-NLAll9_49,0.01292131911031902
xception,50,xception-imagenet_origin-MShape0-SpecialI2-Edge15-Edge43_50,
xception,51,xception-imagenet_origin-MShape0_51,0.0086822573794052
xception,52,xception-imagenet_origin-MShape0-MParam17-SpecialI20_52,
xception,53,xception-imagenet_origin-MDtype3-Edge5-MParam27_53,
xception,54,xception-imagenet_origin-Edge26_54,9.965733647346497
xception,55,xception-imagenet_origin-MShape1-LMerg10-Edge25-NLAll84_55,9.965733647346497
xception,56,xception-imagenet_origin-MShape0-SpecialI2-MDtype11-Edge50-MParam75_56,
xception,57,xception-imagenet_origin_57,0.05927780363708735
xception,58,xception-imagenet_origin-MDtype3-Edge5-MShape44_58,0.05927780363708735
xception,59,xception-imagenet_origin-Edge4_59,8.211911082267761
xception,60,xception-imagenet_origin-Edge4-NLAll13-LMerg54-MParam88_60,8.211911082267761
xception,61,xception-imagenet_origin-MDtype3-MParam38-MShape49_61,8.211911082267761
xception,62,xception-imagenet_origin-MDtype3-MDtype8_62,8.211911082267761
xception,63,xception-imagenet_origin-MShape0-SpecialI2-Edge15_63,
xception,64,xception-imagenet_origin-MShape0-SpecialI2-MDtype11-LMerg39-MDtype41-MParam53-MParam85_64,
xception,65,xception-imagenet_origin-MShape0-SpecialI2-MDtype11_65,
xception,66,xception-imagenet_origin-Edge4-NLAll13-LMerg54_66,
xception,67,xception-imagenet_origin-MDtype3-Edge30_67,
xception,68,xception-imagenet_origin-MShape0-SpecialI51_68,0.01867028919514269
xception,69,xception-imagenet_origin-MDtype3_69,0.01867028919514269
xception,70,xception-imagenet_origin-MShape1-MDtype16_70,0.01867028919514269
xception,71,xception-imagenet_origin-MShape0-SpecialI2-MDtype11-LMerg39-Edge65-MDtype86_71,0.01867028919514269
xception,72,xception-imagenet_origin-MShape0-MDtype24_72,0.01867028919514269
xception,73,xception-imagenet_origin-MShape1-SpecialI81_73,
xception,74,xception-imagenet_origin-MShape0-MDims34-Edge55_74,9.122660040855408
xception,75,xception-imagenet_origin-MDtype3-MShape90_75,9.122660040855408
xception,76,xception-imagenet_origin-Edge4-NLAll13-LMerg56-NLAll66-MDtype89_76,9.122660040855408
xception,77,xception-imagenet_origin-MShape48_77,0.07707384042441845
xception,78,xception-imagenet_origin-MDtype3-MParam38_78,0.07707384042441845
xception,79,xception-imagenet_origin-MShape0-NLAll9-MDtype12-NLAll78_79,0.07707384042441845
xception,80,xception-imagenet_origin-Edge4-NLAll13-LMerg56-NLAll66-MParam77_80,0.07707384042441845
xception,81,xception-imagenet_origin-MDtype3-Edge5-MShape95_81,0.07707384042441845
xception,82,xception-imagenet_origin-MDtype3-Edge5-MParam27-NLAll37_82,0.07707384042441845
xception,83,xception-imagenet_origin-MShape0-SpecialI2-NLAll71_83,0.07707384042441845
xception,84,xception-imagenet_origin-MShape0-NLAll83_84,0.07707384042441845
xception,85,xception-imagenet_origin-MShape1-LMerg10-Edge25-MShape42_85,9.60378748178482
xception,86,xception-imagenet_origin-Edge4-LMerg23_86,6.259234011173248
xception,87,xception-imagenet_origin-MShape0-MDims34_87,0.00832353814621456
densenet,1,densenet121-imagenet_origin-MParam14_1,0.4299905691295862
densenet,2,densenet121-imagenet_origin-Edge5-LMerg11-NLAll40-NLAll46-SpecialI56_2,6.011094272136688
densenet,3,densenet121-imagenet_origin-MDims4-MParam24-Edge28-Edge38_3,4.391881912946701
densenet,4,densenet121-imagenet_origin-MDtype1-MDtype12-NLAll42_4,4.391881912946701
densenet,5,densenet121-imagenet_origin-Edge5-LMerg11_5,7.663136601448059
densenet,6,densenet121-imagenet_origin-Edge5_6,7.38794618844986
densenet,7,densenet121-imagenet_origin-MDtype1-MDtype12-NLAll42-Edge55-Edge74_7,7.38794618844986
densenet,8,densenet121-imagenet_origin-Edge5-LMerg11-NLAll63-NLAll64-NLAll70-MDims99_8,7.38794618844986
densenet,9,densenet121-imagenet_origin-SpecialI3_9,4.519913829881261e-07
densenet,10,densenet121-imagenet_origin-MDims4-MShape9-SpecialI91_10,0.03094973647966981
densenet,11,densenet121-imagenet_origin-Edge5-LMerg11-NLAll40-NLAll46_11,4.884745568037033
densenet,12,densenet121-imagenet_origin-MDtype1-MDtype8-LMerg36-NLAll67-NLAll71_12,4.884745568037033
densenet,13,densenet121-imagenet_origin-MDtype1-MDtype12-NLAll42-Edge55-MDtype83_13,4.884745568037033
densenet,14,densenet121-imagenet_origin-Edge5-NLAll20-SpecialI23_14,4.884745568037033
densenet,15,densenet121-imagenet_origin-MDims4-MShape9-MDtype47_15,4.884745568037033
densenet,16,densenet121-imagenet_origin-Edge0-SpecialI2_16,5.946343064308167
densenet,17,densenet121-imagenet_origin-Edge5-MShape10-MDims13-NLAll21-MDims48-MParam49-LMerg93_17,5.946343064308167
densenet,18,densenet121-imagenet_origin-MDims4-MParam24-Edge28_18,2.325309604406357
densenet,19,densenet121-imagenet_origin-MDtype1-MDtype8-LMerg31_19,2.325309604406357
densenet,20,densenet121-imagenet_origin-Edge5-NLAll20-MDtype22-NLAll66_20,2.325309604406357
densenet,21,densenet121-imagenet_origin-Edge0_21,5.841615617275238
densenet,22,densenet121-imagenet_origin-MDtype1-MDtype12-NLAll42-Edge55-MDims82_22,5.841615617275238
densenet,23,densenet121-imagenet_origin-MDims4-MDtype7-Edge18_23,8.07158476114273
densenet,24,densenet121-imagenet_origin-MDtype1-MDtype12-NLAll42-Edge55_24,8.07158476114273
densenet,25,densenet121-imagenet_origin-Edge5-LMerg11-MDtype17_25,8.07158476114273
densenet,26,densenet121-imagenet_origin-MDtype1-Edge29_26,6.438790380954742
densenet,27,densenet121-imagenet_origin-MDtype1-MDtype12-NLAll42-Edge55-MDims82-NLAll89_27,6.438790380954742
densenet,28,densenet121-imagenet_origin-MDims4-MDtype7-LMerg30-MDtype33_28,6.438790380954742
densenet,29,densenet121-imagenet_origin-MDims4-MDtype7-MShape78_29,0.02876693588041235
densenet,30,densenet121-imagenet_origin-MDims4-MParam24-Edge28-Edge38-NLAll80_30,0.02876693588041235
densenet,31,densenet121-imagenet_origin-MDtype1-MDtype8-LMerg36_31,0.7882506772875786
densenet,32,densenet121-imagenet_origin-Edge5-MShape10-LMerg37_32,1.666825920343399
densenet,33,densenet121-imagenet_origin-MDtype1-MDtype8-MParam75_33,0.3780931532382965
densenet,34,densenet121-imagenet_origin-MDtype1-MDtype8-LMerg36-NLAll52_34,0.3780931532382965
densenet,35,densenet121-imagenet_origin-Edge5-MShape10-MDims13-NLAll21-MDims48_35,0.3780931532382965
densenet,36,densenet121-imagenet_origin-Edge0-SpecialI2-LMerg6_36,5.67555433511734
densenet,37,densenet121-imagenet_origin-Edge5-LMerg11-NLAll63-NLAll64-NLAll70_37,5.67555433511734
densenet,38,densenet121-imagenet_origin-MDims4-MDtype7-LMerg30-MDtype33-MParam58_38,5.67555433511734
densenet,39,densenet121-imagenet_origin-Edge5-LMerg11-NLAll63-NLAll64-NLAll73_39,5.67555433511734
densenet,40,densenet121-imagenet_origin-Edge0-SpecialI2-LMerg6-SpecialI16_40,5.820082068443298
densenet,41,densenet121-imagenet_origin-MDtype1-MDtype8-MDtype25-NLAll27-LMerg96_41,5.820082068443298
densenet,42,densenet121-imagenet_origin-Edge5-NLAll20-MDtype22-MShape76_42,5.820082068443298
densenet,43,densenet121-imagenet_origin-Edge5-MShape10-MDims13_43,1.323436789214611
densenet,44,densenet121-imagenet_origin-MShape98_44,0.0927175423130393
densenet,45,densenet121-imagenet_origin-Edge5-LMerg11-NLAll44-NLAll51-SpecialI72_45,0.0927175423130393
densenet,46,densenet121-imagenet_origin-Edge5-MShape10-MDims13-NLAll21-MDims48-MParam49_46,0.0927175423130393
densenet,47,densenet121-imagenet_origin-Edge5-LMerg11-NLAll40-NLAll46-MDtype54_47,5.23497000336647
densenet,48,densenet121-imagenet_origin-Edge5-LMerg11-NLAll44_48,5.23497000336647
densenet,49,densenet121-imagenet_origin-Edge5-MShape10-MDims13-NLAll21-MDims48-MDtype69_49,5.23497000336647
densenet,50,densenet121-imagenet_origin-MDtype1-MDtype8-MDtype25-NLAll27_50,5.23497000336647
densenet,51,densenet121-imagenet_origin-MDims4-MDtype7_51,0.3692678473889828
densenet,52,densenet121-imagenet_origin-Edge5-LMerg11-NLAll63_52,0.8791872262954712
densenet,53,densenet121-imagenet_origin-MDtype1-MDtype12_53,0.8791872262954712
densenet,54,densenet121-imagenet_origin-MDims4-MDtype7-LMerg30-MDtype33-MParam58-MDtype84_54,0.8791872262954712
densenet,55,densenet121-imagenet_origin-Edge5-NLAll20_55,0.8791872262954712
densenet,56,densenet121-imagenet_origin-MDtype1-MDtype8-LMerg36-NLAll67_56,0.1282389955595136
densenet,57,densenet121-imagenet_origin-Edge0-SpecialI2-NLAll19_57,0.1282389955595136
densenet,58,densenet121-imagenet_origin-Edge5-LMerg11-NLAll44-NLAll51_58,0.1282389955595136
densenet,59,densenet121-imagenet_origin-MDtype1-MDtype8-MDtype25_59,0.1690391465090215
densenet,60,densenet121-imagenet_origin-Edge5-MShape10-MDims13-NLAll21_60,0.1690391465090215
densenet,61,densenet121-imagenet_origin-MDtype1-MDtype8_61,0.1156839337199926
densenet,62,densenet121-imagenet_origin-MDtype1-MDtype8-MDtype25-NLAll27-NLAll45_62,0.1156839337199926
densenet,63,densenet121-imagenet_origin-MDtype1-MShape97_63,0.2732498236000538
densenet,64,densenet121-imagenet_origin_64,0.3976330701261759
densenet,65,densenet121-imagenet_origin-Edge5-MShape10_65,1.176406983286142
densenet,66,densenet121-imagenet_origin-MParam14-Edge35_66,5.484025418758392
densenet,67,densenet121-imagenet_origin-NLAll95_67,0.5155566744506359
densenet,68,densenet121-imagenet_origin-Edge5-LMerg11-NLAll40_68,4.987853020429611
densenet,69,densenet121-imagenet_origin-Edge5-MShape10-LMerg37-NLAll90_69,4.987853020429611
densenet,70,densenet121-imagenet_origin-MDtype1-MDtype8-LMerg31-MDtype61_70,4.987853020429611
densenet,71,densenet121-imagenet_origin-MDtype1-MDtype8-LMerg36-NLAll52-SpecialI92_71,4.987853020429611
densenet,72,densenet121-imagenet_origin-MDtype1-MDtype8-LMerg36-NLAll52-NLAll68_72,4.987853020429611
densenet,73,densenet121-imagenet_origin-MDtype1-MDtype8-NLAll43_73,4.987853020429611
densenet,74,densenet121-imagenet_origin-Edge5-NLAll20-MDtype22_74,4.987853020429611
densenet,75,densenet121-imagenet_origin-MShape15_75,4.987853020429611
densenet,76,densenet121-imagenet_origin-Edge5-LMerg11-NLAll63-NLAll64_76,0.7973210960626602
densenet,77,densenet121-imagenet_origin-Edge5-MShape10-LMerg37-NLAll79_77,0.7973210960626602
densenet,78,densenet121-imagenet_origin-MDims4_78,0.5963831283152103
densenet,79,densenet121-imagenet_origin-MDtype1-MDtype8-NLAll43-NLAll88_79,0.5963831283152103
densenet,80,densenet121-imagenet_origin-Edge5-LMerg11-NLAll44-NLAll51-NLAll62_80,0.5963831283152103
densenet,81,densenet121-imagenet_origin-MDims4-MParam24-Edge28-Edge38-Edge86_81,4.110981225967407
densenet,82,densenet121-imagenet_origin-MDtype1_82,0.1858568917959929
densenet,83,densenet121-imagenet_origin-Edge5-LMerg11-NLAll40-NLAll46-MDtype54-SpecialI94_83,8.319523334503174
densenet,84,densenet121-imagenet_origin-MParam87_84,0.4139923714101315
densenet,85,densenet121-imagenet_origin-MParam14-Edge41_85,5.326529681682587
densenet,86,densenet121-imagenet_origin-Edge0-SpecialI2-LMerg6-NLAll53_86,5.326529681682587
densenet,87,densenet121-imagenet_origin-MParam14-MDtype85_87,0.497451163828373
densenet,88,densenet121-imagenet_origin-MParam14-Edge50_88,1.560795143246651
densenet,89,densenet121-imagenet_origin-MDims4-MDtype7-LMerg30_89,1.560795143246651
densenet,90,densenet121-imagenet_origin-Edge5-LMerg11-NLAll40-NLAll46-MShape77_90,2.953576117753983
densenet,91,densenet121-imagenet_origin-MDims4-MShape9_91,0.06707385554909706
densenet,92,densenet121-imagenet_origin-Edge5-MShape10-MDims13-NLAll21-NLAll39_92,0.06707385554909706
densenet,93,densenet121-imagenet_origin-MDims4-MParam24_93,0.3761675208806992
densenet,94,densenet121-imagenet_origin-Edge5-MShape10-MDims13-NLAll21-MDims48-MParam49-NLAll65_94,0.3761675208806992
densenet,95,densenet121-imagenet_origin-MDtype1-MDtype12-MShape26_95,0.3761675208806992
densenet,96,densenet121-imagenet_origin-Edge0-NLAll57_96,0.3761675208806992
densenet,97,densenet121-imagenet_origin-MDtype1-MDtype60_97,0.3761675208806992
lenet5_fashion,1,lenet5-fashion-mnist_origin-NLAll83_1,2.209292944144181e-07
lenet5_fashion,2,lenet5-fashion-mnist_origin-MDims0-SpecialI11_2,1.035818684158585e-06
lenet5_fashion,3,lenet5-fashion-mnist_origin-MDims0-MParam4-MParam14-Edge20_3,2.167419239640367e-07
lenet5_fashion,4,lenet5-fashion-mnist_origin-MDims0-LMerg25-MParam68_4,3.101659586945971e-07
lenet5_fashion,5,lenet5-fashion-mnist_origin-NLAll30-LMerg38-Edge63-NLAll90_5,3.101659586945971e-07
lenet5_fashion,6,lenet5-fashion-mnist_origin-MDims1-MShape3-LMerg9-MDims24-MParam31-SpecialI35_6,
lenet5_fashion,7,lenet5-fashion-mnist_origin-MDims1-MShape3-LMerg9-MDims24-MParam40-MParam49-MParam53-LMerg88_7,7.135880650821491e-07
lenet5_fashion,8,lenet5-fashion-mnist_origin-LMerg2-MParam74_8,8.651241003576615e-06
lenet5_fashion,9,lenet5-fashion-mnist_origin-NLAll30-MShape32-MParam39-LMerg67_9,8.651241003576615e-06
lenet5_fashion,10,lenet5-fashion-mnist_origin-SpecialI5-MDims8_10,
lenet5_fashion,11,lenet5-fashion-mnist_origin-MDims0-LMerg25-NLAll28_11,
lenet5_fashion,12,lenet5-fashion-mnist_origin-MDims0_12,3.720921348815409e-07
lenet5_fashion,13,lenet5-fashion-mnist_origin-SpecialI5-LMerg34-MDtype57_13,
lenet5_fashion,14,lenet5-fashion-mnist_origin-Edge7-NLAll18_14,0.0001351069995507714
lenet5_fashion,15,lenet5-fashion-mnist_origin-MDims0-MParam4-MDtype19_15,1.491465582148521e-07
lenet5_fashion,16,lenet5-fashion-mnist_origin-NLAll30-MShape32_16,1.491465582148521e-07
lenet5_fashion,17,lenet5-fashion-mnist_origin-MDims0-LMerg25-NLAll28-MShape75_17,1.491465582148521e-07
lenet5_fashion,18,lenet5-fashion-mnist_origin-MDims1-MShape3-LMerg9-MDims24-MParam40_18,1.491465582148521e-07
lenet5_fashion,19,lenet5-fashion-mnist_origin-SpecialI5-LMerg34-MDtype86_19,
lenet5_fashion,20,lenet5-fashion-mnist_origin-MDims0-Edge12-MShape44_20,1.792272155398678e-05
lenet5_fashion,21,lenet5-fashion-mnist_origin-MDims1-MShape3-LMerg9-Edge33_21,3.372579477911586e-07
lenet5_fashion,22,lenet5-fashion-mnist_origin-NLAll30-MShape32-MParam39_22,3.372579477911586e-07
lenet5_fashion,23,lenet5-fashion-mnist_origin-MDims0-MParam4-MParam14-MShape51_23,8.522043835057502e-07
lenet5_fashion,24,lenet5-fashion-mnist_origin-MDims0-MParam4-MDtype19-NLAll81-NLAll93_24,8.522043835057502e-07
lenet5_fashion,25,lenet5-fashion-mnist_origin-LMerg2-MDims64_25,4.108832811766661e-07
lenet5_fashion,26,lenet5-fashion-mnist_origin-MDims0-MParam70_26,1.824775637260245e-07
lenet5_fashion,27,lenet5-fashion-mnist_origin-MDims1-MShape3-LMerg9-MDims24-MParam31-MDims71_27,6.144173312350176e-07
lenet5_fashion,28,lenet5-fashion-mnist_origin-MDims0-MParam4-Edge76_28,2.137107912858482e-07
lenet5_fashion,29,lenet5-fashion-mnist_origin-SpecialI5-LMerg34_29,
lenet5_fashion,30,lenet5-fashion-mnist_origin-MDims0-LMerg25_30,4.345187711862764e-07
lenet5_fashion,31,lenet5-fashion-mnist_origin-NLAll30-LMerg38_31,4.345187711862764e-07
lenet5_fashion,32,lenet5-fashion-mnist_origin-MDims0-MParam37_32,5.670873548524469e-08
lenet5_fashion,33,lenet5-fashion-mnist_origin-MDims1-MShape97_33,7.647127269194698e-07
lenet5_fashion,34,lenet5-fashion-mnist_origin-MDims1-MShape3-LMerg9-MDims24-MParam78_34,7.466846518866532e-07
lenet5_fashion,35,lenet5-fashion-mnist_origin-LMerg2-MParam59_35,3.162176724913479e-07
lenet5_fashion,36,lenet5-fashion-mnist_origin-SpecialI5-MDims8-Edge17-NLAll46-NLAll52-Edge65_36,
lenet5_fashion,37,lenet5-fashion-mnist_origin-MDims0-MParam4-MParam14-MParam50_37,2.132325320758355e-07
lenet5_fashion,38,lenet5-fashion-mnist_origin-MDims1-MShape3-LMerg9-MDims22-MDims26_38,1.035271637306323e-06
lenet5_fashion,39,lenet5-fashion-mnist_origin-MDims0-MParam4_39,3.42989036283825e-07
lenet5_fashion,40,lenet5-fashion-mnist_origin-MDims1-MDtype15-MDtype16-NLAll47-NLAll61_40,3.42989036283825e-07
lenet5_fashion,41,lenet5-fashion-mnist_origin-MDims0-MParam4-MDtype19-MShape89_41,3.42989036283825e-07
lenet5_fashion,42,lenet5-fashion-mnist_origin-MDims1-MDtype15-MDtype16-MParam73_42,3.42989036283825e-07
lenet5_fashion,43,lenet5-fashion-mnist_origin-NLAll30-LMerg38-Edge63_43,3.42989036283825e-07
lenet5_fashion,44,lenet5-fashion-mnist_origin-SpecialI5-MDims8-Edge17-Edge45_44,
lenet5_fashion,45,lenet5-fashion-mnist_origin-MDims1-MDtype15-MDtype16_45,
lenet5_fashion,46,lenet5-fashion-mnist_origin-MDims0-MParam4-MDtype19-MDims23_46,1.928929727057493e-07
lenet5_fashion,47,lenet5-fashion-mnist_origin-MDims1-MShape3-LMerg9-MDims24-MParam31_47,1.461224858445576e-06
lenet5_fashion,48,lenet5-fashion-mnist_origin-SpecialI5-MDims8-Edge17_48,
lenet5_fashion,49,lenet5-fashion-mnist_origin-Edge7_49,0.0001195597203604848
lenet5_fashion,50,lenet5-fashion-mnist_origin-SpecialI5-MDims8-MParam87_50,
lenet5_fashion,51,lenet5-fashion-mnist_origin-SpecialI5-MDims8-Edge17-SpecialI27_51,
lenet5_fashion,52,lenet5-fashion-mnist_origin-MDims1-MShape3-MDtype6-LMerg82_52,
lenet5_fashion,53,lenet5-fashion-mnist_origin-MDims1-MShape3-LMerg9_53,4.043193086999963e-07
lenet5_fashion,54,lenet5-fashion-mnist_origin-MDims1-LMerg58_54,4.043193086999963e-07
lenet5_fashion,55,lenet5-fashion-mnist_origin-MDims0-SpecialI13_55,
lenet5_fashion,56,lenet5-fashion-mnist_origin-LMerg2_56,2.773995788629691e-07
lenet5_fashion,57,lenet5-fashion-mnist_origin-MDims0-MParam4-LMerg55_57,4.571218923388187e-07
lenet5_fashion,58,lenet5-fashion-mnist_origin-MDims1-MShape3-LMerg9-MDims24-MParam40-MParam49-MParam53_58,8.061337020137671e-07
lenet5_fashion,59,lenet5-fashion-mnist_origin-SpecialI5_59,
lenet5_fashion,60,lenet5-fashion-mnist_origin-MDims1-MShape3-LMerg9-MDims24-MParam31-MParam48_60,3.592725192902435e-07
lenet5_fashion,61,lenet5-fashion-mnist_origin-Edge43_61,7.757306934763619e-05
lenet5_fashion,62,lenet5-fashion-mnist_origin-NLAll30_62,7.757306934763619e-05
lenet5_fashion,63,lenet5-fashion-mnist_origin-MDims1_63,1.031227384373778e-06
lenet5_fashion,64,lenet5-fashion-mnist_origin-MDims1-MShape3-MDtype6_64,1.031227384373778e-06
lenet5_fashion,65,lenet5-fashion-mnist_origin-Edge7-NLAll18-NLAll21_65,1.031227384373778e-06
lenet5_fashion,66,lenet5-fashion-mnist_origin_66,1.725668354879417e-07
lenet5_fashion,67,lenet5-fashion-mnist_origin-MDims0-LMerg25-NLAll28-MDtype99_67,1.725668354879417e-07
lenet5_fashion,68,lenet5-fashion-mnist_origin-Edge7-MParam95_68,4.612425522054764e-05
lenet5_fashion,69,lenet5-fashion-mnist_origin-MDims1-MShape3-LMerg9-MDims24-MParam40-MParam49_69,4.612425522054764e-05
lenet5_fashion,70,lenet5-fashion-mnist_origin-MDims1-MShape3-LMerg9-MDims24_70,5.787207335572475e-07
lenet5_fashion,71,lenet5-fashion-mnist_origin-SpecialI5-MDims8-Edge17-NLAll46-NLAll52_71,
lenet5_fashion,72,lenet5-fashion-mnist_origin-MDims1-MShape3-MDtype6-SpecialI10_72,
lenet5_fashion,73,lenet5-fashion-mnist_origin-NLAll30-MShape32-MDtype72_73,
lenet5_fashion,74,lenet5-fashion-mnist_origin-MDims0-MParam4-MDtype19-MDims60_74,1.295565859038561e-07
lenet5_fashion,75,lenet5-fashion-mnist_origin-NLAll83-MParam98_75,3.849335818983946e-07
lenet5_fashion,76,lenet5-fashion-mnist_origin-MDims1-MDtype15-MDtype16-NLAll47_76,3.849335818983946e-07
lenet5_fashion,77,lenet5-fashion-mnist_origin-MDims0-Edge12_77,0.0001184581101369986
lenet5_fashion,78,lenet5-fashion-mnist_origin-Edge7-NLAll85_78,0.0002262649595650146
lenet5_fashion,79,lenet5-fashion-mnist_origin-MDims0-MParam4-MParam14-MParam50-NLAll92_79,0.0002262649595650146
lenet5_fashion,80,lenet5-fashion-mnist_origin-SpecialI5-MDims8-Edge17-NLAll46_80,
lenet5_fashion,81,lenet5-fashion-mnist_origin-SpecialI5-MDims8-NLAll36_81,
lenet5_fashion,82,lenet5-fashion-mnist_origin-LMerg2-MParam74-MShape79_82,
lenet5_fashion,83,lenet5-fashion-mnist_origin-SpecialI5-MDims8-Edge17-NLAll62_83,
lenet5_fashion,84,lenet5-fashion-mnist_origin-MDims1-MShape3-LMerg9-MDims24-MParam40-MParam49-MParam53-MDtype69_84,3.574078821344528e-06
lenet5_fashion,85,lenet5-fashion-mnist_origin-SpecialI5-MDims8-Edge17-MParam91_85,
lenet5_fashion,86,lenet5-fashion-mnist_origin-MDims1-MDtype15-MDtype16-Edge42_86,
lenet5_fashion,87,lenet5-fashion-mnist_origin-LMerg2-MParam59-Edge80_87,2.695205907343734e-07
lenet5_fashion,88,lenet5-fashion-mnist_origin-MDims1-MShape3-MDtype29_88,1.048726428365399e-06
lenet5_fashion,89,lenet5-fashion-mnist_origin-LMerg94_89,3.534346255662513e-07
lenet5_fashion,90,lenet5-fashion-mnist_origin-MDims1-MShape3_90,8.987179285213642e-07
lenet5_fashion,91,lenet5-fashion-mnist_origin-Edge7-NLAll18-MDtype54_91,9.498762270254701e-05
lenet5_fashion,92,lenet5-fashion-mnist_origin-MDims1-MDtype15-NLAll84_92,9.498762270254701e-05
lenet5_fashion,93,lenet5-fashion-mnist_origin-MDims1-MShape3-LMerg9-MDims22_93,7.199111351496867e-07
lenet5_fashion,94,lenet5-fashion-mnist_origin-MDims0-MParam4-LMerg55-MDims96_94,3.18397439968976e-07
lenet5_fashion,95,lenet5-fashion-mnist_origin-MDims1-MDtype15_95,3.18397439968976e-07
lenet5_fashion,96,lenet5-fashion-mnist_origin-SpecialI5-LMerg34-MDims66_96,
lenet5_fashion,97,lenet5-fashion-mnist_origin-MDims0-MParam4-MDtype19-NLAll81_97,
lenet5_fashion,98,lenet5-fashion-mnist_origin-MDims1-MDtype15-MDtype16-NLAll47-NLAll61-LMerg77_98,
lenet5_fashion,99,lenet5-fashion-mnist_origin-MDims1-MDtype15-MDtype16-Edge42-MDtype56_99,
lenet5_fashion,100,lenet5-fashion-mnist_origin-MDims0-MParam4-MParam14_100,2.849348561539955e-07
vgg16,1,vgg16-imagenet_origin-MParam7-MDims11-NLAll12-LMerg13-MParam16-SpecialI72_1,0.0
vgg16,2,vgg16-imagenet_origin-MParam7-MDims11-NLAll12-LMerg13-MParam16-LMerg29_2,0.0002147701407011482
vgg16,3,vgg16-imagenet_origin-MParam7-MDims11-NLAll12-MShape18-MDims79_3,0.0004415944422362372
vgg16,4,vgg16-imagenet_origin-MDtype0-Edge1-MShape2-LMerg47-LMerg83_4,3.019775544998993e-05
vgg16,5,vgg16-imagenet_origin-MDtype0-Edge1-MShape2-LMerg47_5,8.084879209491191e-05
vgg16,6,vgg16-imagenet_origin-MParam7-LMerg64_6,1.246272073984755e-06
vgg16,7,vgg16-imagenet_origin-MParam7-MDims11-NLAll12-LMerg13-NLAll17-NLAll98_7,1.246272073984755e-06
vgg16,8,vgg16-imagenet_origin-MParam7-MDims11-NLAll12-LMerg13-NLAll17-NLAll23-MParam28_8,1.246272073984755e-06
vgg16,9,vgg16-imagenet_origin-MParam7-MDims11-NLAll12-LMerg13-Edge42_9,0.0001191328552607729
vgg16,10,vgg16-imagenet_origin-MDtype0-Edge1-MDims3-NLAll9-Edge20-MParam51_10,0.0002098738004860934
vgg16,11,vgg16-imagenet_origin-MDtype0-Edge1-MDims3-NLAll9-Edge20_11,0.000102890822745394
vgg16,12,vgg16-imagenet_origin-NLAll52-MParam65-MDims80_12,0.000102890822745394
vgg16,13,vgg16-imagenet_origin-NLAll5-MDtype34_13,0.000102890822745394
vgg16,14,vgg16-imagenet_origin-MParam7-MDims11-NLAll12-LMerg13-MParam16_14,0.0001846773770921573
vgg16,15,vgg16-imagenet_origin-MParam7-MDims11-NLAll12-LMerg13-MParam16-Edge19-MParam40-MDtype41-MDtype44-NLAll53_15,0.0001846773770921573
vgg16,16,vgg16-imagenet_origin-LMerg4-MParam63-SpecialI76_16,0.0001846773770921573
vgg16,17,vgg16-imagenet_origin-SpecialI8-NLAll82-NLAll97_17,
vgg16,18,vgg16-imagenet_origin-NLAll5-MDims6_18,
vgg16,19,vgg16-imagenet_origin-MParam7-MDims11-NLAll12-MShape18_19,4.558729483505886e-05
vgg16,20,vgg16-imagenet_origin-NLAll5-MDims6-MParam61-MDtype67-MDtype68_20,4.558729483505886e-05
vgg16,21,vgg16-imagenet_origin-SpecialI8-NLAll82_21,
vgg16,22,vgg16-imagenet_origin-MParam7-MDims11-NLAll12-LMerg13-NLAll17-NLAll23-MParam28-MShape90_22,
vgg16,23,vgg16-imagenet_origin-SpecialI8_23,
vgg16,24,vgg16-imagenet_origin-MParam7-MDims11-NLAll12-LMerg13-NLAll17-NLAll23-MParam28-MDims31-MDims37-LMerg58_24,0.0
vgg16,25,vgg16-imagenet_origin-NLAll5-LMerg21_25,0.0
vgg16,26,vgg16-imagenet_origin-MParam7-MDims11-NLAll12-LMerg13-MParam16-Edge19-MDtype36_26,0.0
vgg16,27,vgg16-imagenet_origin-NLAll52_27,0.0
vgg16,28,vgg16-imagenet_origin-MDtype0-Edge1-MDims3_28,0.0001153278717538342
vgg16,29,vgg16-imagenet_origin-MParam7-MDims11-NLAll12-LMerg13-MParam16-LMerg29-MDtype60_29,0.0001629564258109895
vgg16,30,vgg16-imagenet_origin-MParam7-MDims11-NLAll12_30,1.316357948155655e-05
vgg16,31,vgg16-imagenet_origin-MDtype0-Edge1-MShape2-LMerg47-MDims49_31,0.0001893070748337777
vgg16,32,vgg16-imagenet_origin-MParam7-MDims11-NLAll12-LMerg13-MParam16-Edge19_32,0.0001000005960918315
vgg16,33,vgg16-imagenet_origin-MParam7-MDims11-NLAll12-LMerg13-MParam16-Edge19-MParam40_33,0.0004335399098636117
vgg16,34,vgg16-imagenet_origin-MDtype0-Edge1-MDims3-NLAll9-MShape10_34,0.000117847703222651
vgg16,35,vgg16-imagenet_origin-MParam7-MDims11-NLAll12-LMerg13-MParam16-Edge19-MParam40-MDtype41-MDtype44-NLAll53-MParam73-MShape84_35,0.000117847703222651
vgg16,36,vgg16-imagenet_origin-MDtype0-Edge1-MDims3-NLAll9-Edge20-MShape38_36,0.0001345510872852174
vgg16,37,vgg16-imagenet_origin-MDtype0_37,8.682920480396206e-07
vgg16,38,vgg16-imagenet_origin-MParam7-MDims11-NLAll12-LMerg13-NLAll17-NLAll23-MParam28-MDims31-MParam59_38,0.0
vgg16,39,vgg16-imagenet_origin-MParam7-MDims11-NLAll12-LMerg13-Edge42-MDtype88_39,0.0
vgg16,40,vgg16-imagenet_origin-LMerg4_40,1.343720413160554e-06
vgg16,41,vgg16-imagenet_origin-MParam7-MDims11-NLAll12-LMerg13-Edge42-MDtype88-LMerg92_41,1.343720413160554e-06
vgg16,42,vgg16-imagenet_origin-MParam7-MDims11-NLAll12-LMerg13-NLAll17-NLAll23-MShape26_42,1.343720413160554e-06
vgg16,43,vgg16-imagenet_origin-NLAll5_43,1.343720413160554e-06
vgg16,44,vgg16-imagenet_origin-MDtype0-Edge1-MDims3-NLAll9-Edge20-NLAll25_44,0.0001933535404532449
vgg16,45,vgg16-imagenet_origin-MParam7-MDims11-NLAll12-LMerg13-MParam16-Edge19-MParam40-MDtype41-MDtype44-NLAll71_45,0.0001933535404532449
vgg16,46,vgg16-imagenet_origin-MDtype0-Edge1-MDims3-NLAll9-MParam46-Edge95_46,0.0001386173389619216
vgg16,47,vgg16-imagenet_origin-MParam7-MDims11-NLAll12-LMerg13-NLAll17-NLAll23-MParam28-MDims31-MDims37_47,0.0
vgg16,48,vgg16-imagenet_origin-MParam7_48,9.842214900857016e-07
vgg16,49,vgg16-imagenet_origin-MParam7-MDims11-LMerg27_49,4.640385000698188e-07
vgg16,50,vgg16-imagenet_origin-MParam7-MDims11-NLAll12-LMerg13_50,5.177007096790476e-05
vgg16,51,vgg16-imagenet_origin-MParam7-MDims11-NLAll12-LMerg13-MShape77_51,0.0004200643570584361
vgg16,52,vgg16-imagenet_origin-MParam7-MDims11-NLAll12-LMerg13-NLAll17-NLAll23-MParam28-MDims31_52,0.0
vgg16,53,vgg16-imagenet_origin-MParam7-MDims11-NLAll12-LMerg13-NLAll17-NLAll23_53,0.0
vgg16,54,vgg16-imagenet_origin-MDtype0-Edge1-MDims3-NLAll9_54,2.635655278027116e-05
vgg16,55,vgg16-imagenet_origin-MParam7-MDims11-Edge22_55,0.0003985549474236905
vgg16,56,vgg16-imagenet_origin-NLAll5-MDims6-MParam61-MDtype67_56,0.0003985549474236905
vgg16,57,vgg16-imagenet_origin-MParam7-MDims11-NLAll12-LMerg13-NLAll17-NLAll23-MShape26-MDtype85_57,0.0003985549474236905
vgg16,58,vgg16-imagenet_origin-MParam7-MDims11-NLAll12-LMerg13-NLAll17-NLAll23-MParam28-MDims31-MParam59-Edge86_58,0.001141477492637932
vgg16,59,vgg16-imagenet_origin-MParam7-MDims11-NLAll12-LMerg13-NLAll17_59,3.291623560031098e-05
vgg16,60,vgg16-imagenet_origin-NLAll5-MDtype34-MDtype62_60,3.291623560031098e-05
vgg16,61,vgg16-imagenet_origin-MParam7-Edge39_61,0.0002302583934579161
vgg16,62,vgg16-imagenet_origin-MParam7-MDims11-NLAll12-LMerg13-NLAll17-NLAll23-MParam28-SpecialI30_62,0.0002302583934579161
vgg16,63,vgg16-imagenet_origin-MParam7-MDims11-NLAll12-LMerg13-LMerg93_63,3.310956557811551e-06
vgg16,64,vgg16-imagenet_origin-MParam7-MDims11-NLAll12-LMerg13-MParam16-Edge19-MDtype36-NLAll87_64,3.310956557811551e-06
vgg16,65,vgg16-imagenet_origin-MParam7-MDims11-NLAll12-LMerg13-Edge45-NLAll57_65,3.310956557811551e-06
vgg16,66,vgg16-imagenet_origin_66,7.539087079067031e-07
vgg16,67,vgg16-imagenet_origin-MParam7-MDims11_67,1.054779470877065e-06
vgg16,68,vgg16-imagenet_origin-MParam7-MDims11-NLAll12-LMerg13-Edge45_68,0.0001485291982135095
vgg16,69,vgg16-imagenet_origin-MDtype0-SpecialI48_69,
vgg16,70,vgg16-imagenet_origin-MParam7-MDims11-NLAll12-MShape18-MDtype33_70,1.498467133842496e-05
vgg16,71,vgg16-imagenet_origin-MParam7-MDims11-NLAll12-LMerg13-MShape56_71,0.0001168434155260911
vgg16,72,vgg16-imagenet_origin-MParam7-MDims11-NLAll12-LMerg13-MParam16-Edge19-MParam40-MDtype41_72,0.0001168434155260911
vgg16,73,vgg16-imagenet_origin-NLAll52-MParam65-MShape70_73,0.0001168434155260911
vgg16,74,vgg16-imagenet_origin-MDtype0-Edge1-MShape2_74,0.0001316447778663132
vgg16,75,vgg16-imagenet_origin-MParam7-MDims11-NLAll12-LMerg13-MParam16-LMerg29-SpecialI69_75,
vgg16,76,vgg16-imagenet_origin-NLAll5-MDtype34-LMerg50-LMerg54_76,
vgg16,77,vgg16-imagenet_origin-MParam7-MDims11-NLAll12-MShape18-MDims75_77,6.017652367518167e-06
vgg16,78,vgg16-imagenet_origin-MDims32_78,9.780955174676365e-07
vgg16,79,vgg16-imagenet_origin-MParam7-MDims11-NLAll12-LMerg13-NLAll17-NLAll23-MParam28-MDims31-MParam59-LMerg94_79,0.0
vgg16,80,vgg16-imagenet_origin-NLAll5-MDims6-MParam61_80,0.0
vgg16,81,vgg16-imagenet_origin-MDtype0-Edge1-MDims3-NLAll9-MParam46_81,9.522529353489517e-05
vgg16,82,vgg16-imagenet_origin-NLAll52-MParam65_82,9.522529353489517e-05
vgg16,83,vgg16-imagenet_origin-LMerg4-MParam63_83,9.522529353489517e-05
vgg16,84,vgg16-imagenet_origin-MParam7-MDims11-NLAll12-LMerg13-MParam16-Edge19-MDtype36-NLAll91_84,9.522529353489517e-05
vgg16,85,vgg16-imagenet_origin-NLAll5-MDtype34-LMerg50_85,9.522529353489517e-05
vgg16,86,vgg16-imagenet_origin-NLAll52-Edge78_86,9.522529353489517e-05
vgg16,87,vgg16-imagenet_origin-MParam7-MDims15_87,1.447419720079779e-06
vgg16,88,vgg16-imagenet_origin-NLAll5-LMerg74_88,1.447419720079779e-06
vgg16,89,vgg16-imagenet_origin-MParam7-MDims11-NLAll12-LMerg13-MParam16-Edge19-MParam40-MDtype41-MDtype44_89,1.447419720079779e-06
vgg16,90,vgg16-imagenet_origin-MParam7-MDims11-NLAll12-LMerg13-Edge42-MDtype88-MDtype89_90,1.447419720079779e-06
vgg16,91,vgg16-imagenet_origin-MDtype0-Edge1_91,0.0009448800742575258
vgg16,92,vgg16-imagenet_origin-MParam7-MDims11-NLAll12-LMerg13-MParam16-Edge19-MParam40-MDtype41-MDtype44-NLAll53-MParam73_92,0.0009448800742575258
vgg16,93,vgg16-imagenet_origin-MParam7-MDims11-NLAll12-LMerg13-NLAll17-NLAll23-MParam28-MDims31-NLAll55_93,0.0
inceptionv3,1,inception.v3-imagenet_origin-MDtype1-LMerg56_1,0.004476333037018776
inceptionv3,2,inception.v3-imagenet_origin-MDtype1-LMerg56-MDtype61_2,0.004476333037018776
inceptionv3,3,inception.v3-imagenet_origin-SpecialI0-MParam40_3,0.004476333037018776
inceptionv3,4,inception.v3-imagenet_origin-MDtype1-MDtype2-NLAll6-MDtype17-Edge22-MParam27-Edge28-MDtype83_4,0.004476333037018776
inceptionv3,5,inception.v3-imagenet_origin-MDtype1-Edge12-Edge37-MShape41_5,0.728555116802454
inceptionv3,6,inception.v3-imagenet_origin-MDtype1-MDtype2-NLAll6-MDtype17-Edge22-MParam27-MDims58_6,0.728555116802454
inceptionv3,7,inception.v3-imagenet_origin-MDtype1-MDtype2-NLAll6-MDims10-NLAll68_7,0.728555116802454
inceptionv3,8,inception.v3-imagenet_origin-MDtype1-Edge5_8,0.03426219313405454
inceptionv3,9,inception.v3-imagenet_origin-SpecialI0-NLAll14-MDims18-MParam42-MDtype95_9,0.03426219313405454
inceptionv3,10,inception.v3-imagenet_origin-MDtype1-MDtype2-NLAll6-Edge7-Edge45-NLAll65-Edge66-Edge96_10,0.03426219313405454
inceptionv3,11,inception.v3-imagenet_origin-SpecialI0-NLAll14-MDtype21_11,0.03426219313405454
inceptionv3,12,inception.v3-imagenet_origin-MDtype1-MDtype2-MDims13-MDims30-MDtype35_12,0.03426219313405454
inceptionv3,13,inception.v3-imagenet_origin-SpecialI0-MParam40-MShape73_13,0.03426219313405454
inceptionv3,14,inception.v3-imagenet_origin-MDtype1-MParam20-LMerg26_14,0.03426219313405454
inceptionv3,15,inception.v3-imagenet_origin-MDtype1-MDtype2-NLAll6-NLAll9_15,0.03426219313405454
inceptionv3,16,inception.v3-imagenet_origin-MDtype1-MDtype2-NLAll6-NLAll9-LMerg50_16,0.03426219313405454
inceptionv3,17,inception.v3-imagenet_origin-MDtype1-MDtype2-MDims13-MParam75_17,0.03426219313405454
inceptionv3,18,inception.v3-imagenet_origin-MDtype1-MDtype2-NLAll6-Edge7-SpecialI54_18,0.03426219313405454
inceptionv3,19,inception.v3-imagenet_origin-MDtype1-MDtype2-MDims13-MDtype19-LMerg38-MDtype48_19,0.03426219313405454
inceptionv3,20,inception.v3-imagenet_origin-SpecialI0-MShape3-MDtype15-NLAll25_20,0.03426219313405454
inceptionv3,21,inception.v3-imagenet_origin-MDtype1-MDtype2-MDims13-MDtype19-LMerg39-NLAll63-Edge90_21,0.03426219313405454
inceptionv3,22,inception.v3-imagenet_origin-MDtype1-MDtype2-NLAll6-NLAll9-MDtype33_22,0.03426219313405454
inceptionv3,23,inception.v3-imagenet_origin-MDtype1-MDtype2-NLAll6-MDims10_23,0.03426219313405454
inceptionv3,24,inception.v3-imagenet_origin-MDtype1-MDtype2-NLAll6-NLAll9-MDims51_24,0.03426219313405454
inceptionv3,25,inception.v3-imagenet_origin-MDtype1-MDtype2-NLAll6-Edge7-Edge45_25,0.03426219313405454
inceptionv3,26,inception.v3-imagenet_origin-MDtype1-MDtype2-NLAll6-Edge7-Edge45-NLAll65_26,0.03426219313405454
inceptionv3,27,inception.v3-imagenet_origin-MDtype1-MDtype2-MDims13-MDtype19-LMerg39_27,0.03426219313405454
inceptionv3,28,inception.v3-imagenet_origin-SpecialI0-MShape3-MDtype15-NLAll25-MDtype43_28,0.03426219313405454
inceptionv3,29,inception.v3-imagenet_origin-MDtype1-MDtype2-MDims13-MDtype19-LMerg39-NLAll63_29,0.03426219313405454
inceptionv3,30,inception.v3-imagenet_origin-SpecialI0-MShape3-MShape87_30,0.03426219313405454
inceptionv3,31,inception.v3-imagenet_origin-MDtype1-MDtype2-NLAll6-Edge7-Edge45-NLAll65-Edge66_31,0.03426219313405454
inceptionv3,32,inception.v3-imagenet_origin-SpecialI0-NLAll14-Edge29-MDims57_32,0.03426219313405454
inceptionv3,33,inception.v3-imagenet_origin-SpecialI0-NLAll14-MDims18_33,0.03426219313405454
inceptionv3,34,inception.v3-imagenet_origin-MDtype1-MParam20-LMerg26-NLAll70-MDtype71-MDims74_34,0.03426219313405454
inceptionv3,35,inception.v3-imagenet_origin-MDtype1-MDtype2-NLAll6-MDtype17_35,0.03426219313405454
inceptionv3,36,inception.v3-imagenet_origin-MDtype1-MDtype2-MDims13-NLAll16-NLAll80_36,0.03426219313405454
inceptionv3,37,inception.v3-imagenet_origin-MDtype1-MDtype2-NLAll6-MDims10-SpecialI47_37,0.03426219313405454
inceptionv3,38,inception.v3-imagenet_origin-MDtype1-MDtype2-MDims13-MDtype19-LMerg39-MDtype53_38,0.03426219313405454
inceptionv3,39,inception.v3-imagenet_origin-MDtype1-MDtype2-MDims13-MDtype19-LMerg38_39,0.03426219313405454
inceptionv3,40,inception.v3-imagenet_origin-MDtype1-MParam20-LMerg26-NLAll70_40,0.03426219313405454
inceptionv3,41,inception.v3-imagenet_origin-SpecialI0-NLAll14-NLAll88_41,0.03426219313405454
inceptionv3,42,inception.v3-imagenet_origin-SpecialI0-MShape3-MDtype15-LMerg55-MDtype79_42,0.03426219313405454
inceptionv3,43,inception.v3-imagenet_origin-MDtype1-MDtype2-NLAll6-MDtype17-Edge22-MParam27-Edge28-NLAll49-NLAll92_43,0.03426219313405454
inceptionv3,44,inception.v3-imagenet_origin-MDtype1-MDtype2-MDims13_44,0.03426219313405454
inceptionv3,45,inception.v3-imagenet_origin-MDtype1-MDtype2-NLAll6-NLAll9-MDims51-MDtype81_45,0.03426219313405454
inceptionv3,46,inception.v3-imagenet_origin-SpecialI0-MShape3-MDtype15-NLAll25-MDtype60_46,0.03426219313405454
inceptionv3,47,inception.v3-imagenet_origin-MDtype1-MDtype2-NLAll6-NLAll9-MDims51-NLAll67_47,0.03426219313405454
inceptionv3,48,inception.v3-imagenet_origin-MDtype1-MDtype2-NLAll6-Edge7-Edge45-NLAll65-MDtype94_48,0.03426219313405454
vgg19,1,vgg19-imagenet_origin-MDtype4-NLAll9-MDtype24-MDims26-MParam89_1,-1.0
vgg19,2,vgg19-imagenet_origin-MDtype0-MDims2-Edge6-SpecialI16-MParam97_2,-1.0
vgg19,3,vgg19-imagenet_origin-MDtype0-MDims2-MParam5-MParam43-MShape94_3,-1.0
vgg19,4,vgg19-imagenet_origin-MParam1-Edge29-NLAll47-NLAll93_4,-1.0
vgg19,5,vgg19-imagenet_origin-MParam1-Edge29_5,0.0007277833283296786
vgg19,6,vgg19-imagenet_origin-MDtype4-NLAll9-MDtype24-MDims26_6,0.0007277833283296786
vgg19,7,vgg19-imagenet_origin-MDtype0-MDims10-MParam25_7,0.0007277833283296786
vgg19,8,vgg19-imagenet_origin-MParam1-MDims3-LMerg23-MDims52_8,0.0002925945443621458
vgg19,9,vgg19-imagenet_origin-MDtype4-NLAll9-MDtype24-MDims26-MDims48-MParam61-LMerg62_9,0.0002925945443621458
vgg19,10,vgg19-imagenet_origin-MParam1-MDims3-LMerg23_10,5.916240475301038e-07
vgg19,11,vgg19-imagenet_origin-MDtype0-LMerg36-MDtype77_11,5.916240475301038e-07
vgg19,12,vgg19-imagenet_origin-MDtype0-MDims2-MDims27_12,5.916240475301038e-07
vgg19,13,vgg19-imagenet_origin-MParam1-MDims3-MParam96_13,9.211280627141605e-07
vgg19,14,vgg19-imagenet_origin-MDtype0-MDims10_14,9.211280627141605e-07
vgg19,15,vgg19-imagenet_origin-MDtype0-MDims2-Edge6-SpecialI16_15,9.211280627141605e-07
vgg19,16,vgg19-imagenet_origin-MDtype4-NLAll9-MDtype24-MDims26-MDims48-MDims75-MDtype95_16,9.211280627141605e-07
vgg19,17,vgg19-imagenet_origin-MDtype0-MDims2-MParam7-NLAll15-MDtype21-MDtype76_17,9.211280627141605e-07
vgg19,18,vgg19-imagenet_origin-MParam1_18,5.516801131477678e-07
vgg19,19,vgg19-imagenet_origin-MDtype0-MDims2-NLAll60_19,5.516801131477678e-07
vgg19,20,vgg19-imagenet_origin-MDtype4-NLAll9-MDtype24-NLAll46-SpecialI67_20,5.516801131477678e-07
vgg19,21,vgg19-imagenet_origin-MDtype0-MDims2-NLAll60-MDtype78_21,5.516801131477678e-07
vgg19,22,vgg19-imagenet_origin-MParam1-MDims3-LMerg23-MDtype30_22,4.024609339126073e-07
vgg19,23,vgg19-imagenet_origin-MDtype0-MDims2-NLAll13-NLAll31-LMerg70_23,4.024609339126073e-07
vgg19,24,vgg19-imagenet_origin-MDtype0-MDims2-MParam8-Edge32_24,4.024609339126073e-07
vgg19,25,vgg19-imagenet_origin-MDtype0-MDims2-MParam7-MDtype35_25,4.024609339126073e-07
vgg19,26,vgg19-imagenet_origin-MDtype0-MShape14_26,4.024609339126073e-07
vgg19,27,vgg19-imagenet_origin-MDtype0_27,4.024609339126073e-07
vgg19,28,vgg19-imagenet_origin-MDtype0-MDims2-MParam8-Edge64_28,4.024609339126073e-07
vgg19,29,vgg19-imagenet_origin-MDtype0-MDims2-MParam7-MDtype34_29,0.0003086124488618225
vgg19,30,vgg19-imagenet_origin-MParam1-Edge29-MDtype44_30,0.0004318419360060943
vgg19,31,vgg19-imagenet_origin-MDtype0-MDims2-MParam7-NLAll15-MDtype21-LMerg22-LMerg99_31,0.0004318419360060943
vgg19,32,vgg19-imagenet_origin_32,7.111446436169899e-07
vgg19,33,vgg19-imagenet_origin-MDtype0-MDims2-SpecialI17_33,7.111446436169899e-07
vgg19,34,vgg19-imagenet_origin-MDtype0-MDims2-MParam7-NLAll15-MParam20-MParam49_34,7.111446436169899e-07
vgg19,35,vgg19-imagenet_origin-MParam1-MDtype45_35,5.320061049474134e-07
vgg19,36,vgg19-imagenet_origin-MParam1-MDims3-Edge87_36,0.0001752500293150661
vgg19,37,vgg19-imagenet_origin-MDtype4-NLAll9-MDtype24-MParam68_37,0.0001752500293150661
vgg19,38,vgg19-imagenet_origin-MParam1-MDims3-LMerg23-MParam98_38,5.547859380783393e-07
vgg19,39,vgg19-imagenet_origin-MDtype0-MDims2-MParam7-NLAll15-MParam20-Edge73_39,5.547859380783393e-07
vgg19,40,vgg19-imagenet_origin-MDtype4-NLAll9-MDtype24-MShape37-NLAll82_40,5.547859380783393e-07
vgg19,41,vgg19-imagenet_origin-MDtype0-MDims2-MParam7-NLAll15-MDtype21-LMerg22_41,5.547859380783393e-07
vgg19,42,vgg19-imagenet_origin-MDtype0-MDims2-NLAll13_42,5.547859380783393e-07
vgg19,43,vgg19-imagenet_origin-MDtype0-MDims10-MParam25-SpecialI84_43,5.547859380783393e-07
vgg19,44,vgg19-imagenet_origin-MDtype4-NLAll9-MDtype24-MDims26-MDims48-MDims75_44,5.547859380783393e-07
vgg19,45,vgg19-imagenet_origin-MDtype0-MDims2-NLAll13-NLAll31-LMerg70-Edge71_45,5.547859380783393e-07
vgg19,46,vgg19-imagenet_origin-MParam1-MDims3_46,5.299882097631325e-07
vgg19,47,vgg19-imagenet_origin-MDtype0-MDims2-MParam7-NLAll15-MDtype21-LMerg22-NLAll72-NLAll91_47,5.299882097631325e-07
vgg19,48,vgg19-imagenet_origin-MDtype4-NLAll9-MDtype24-MDims26-MDims48-MParam61_48,5.299882097631325e-07
vgg19,49,vgg19-imagenet_origin-MDtype0-MDims10-Edge12_49,5.299882097631325e-07
vgg19,50,vgg19-imagenet_origin-MDtype4-NLAll9_50,5.299882097631325e-07
vgg19,51,vgg19-imagenet_origin-MDtype0-MDims2-MParam5-MParam43-MDims59_51,5.299882097631325e-07
vgg19,52,vgg19-imagenet_origin-Edge11_52,0.0001385992596283359
vgg19,53,vgg19-imagenet_origin-MDtype0-MDims2-MParam5-MParam43_53,0.0001385992596283359
vgg19,54,vgg19-imagenet_origin-MDtype0-MDims2-MParam7-NLAll15-MDtype21-MDtype76-MParam92_54,0.0001385992596283359
vgg19,55,vgg19-imagenet_origin-MDtype0-MDims2-MParam7_55,0.0001385992596283359
vgg19,56,vgg19-imagenet_origin-MDtype0-MDims2-MParam7-Edge18_56,0.0001385992596283359
vgg19,57,vgg19-imagenet_origin-MDtype4-NLAll9-MDtype24-MShape37-Edge79_57,0.0001385992596283359
vgg19,58,vgg19-imagenet_origin-Edge11-MDims51_58,0.0001248996614435782
vgg19,59,vgg19-imagenet_origin-MDtype4-NLAll9-MDtype24_59,0.0001248996614435782
vgg19,60,vgg19-imagenet_origin-MDtype0-MDims2-NLAll13-NLAll31_60,0.0001248996614435782
vgg19,61,vgg19-imagenet_origin-MDtype0-LMerg36_61,0.0001248996614435782
vgg19,62,vgg19-imagenet_origin-MDtype0-MDims2-MParam7-NLAll15-MParam20_62,0.0001248996614435782
vgg19,63,vgg19-imagenet_origin-MDtype0-MDims2-Edge6-MShape33_63,0.0001248996614435782
vgg19,64,vgg19-imagenet_origin-MParam1-MDims3-LMerg23-Edge83_64,0.0001878750507557925
vgg19,65,vgg19-imagenet_origin-MDtype0-MDims2-MParam7-NLAll15-MDtype21_65,0.0001878750507557925
vgg19,66,vgg19-imagenet_origin-MDtype0-MDims2-MParam7-NLAll15-MParam20-MParam49-LMerg57_66,0.0001878750507557925
vgg19,67,vgg19-imagenet_origin-MDtype0-MDims2-MParam7-MDtype35-SpecialI88_67,0.0001878750507557925
vgg19,68,vgg19-imagenet_origin-MDtype0-MDims2-MParam7-NLAll15_68,0.0001878750507557925
vgg19,69,vgg19-imagenet_origin-MDtype4-MDims19_69,5.069586173078733e-07
vgg19,70,vgg19-imagenet_origin-MDtype0-MDims2-Edge6-SpecialI16-LMerg42_70,5.069586173078733e-07
vgg19,71,vgg19-imagenet_origin-MDtype0-MDims2-Edge6-SpecialI16-Edge74_71,5.069586173078733e-07
vgg19,72,vgg19-imagenet_origin-MDtype0-MDims2-MParam7-NLAll15-MDtype21-LMerg22-NLAll72_72,5.069586173078733e-07
vgg19,73,vgg19-imagenet_origin-MDtype4_73,3.534483354883378e-07
vgg19,74,vgg19-imagenet_origin-MDtype0-MDims2-MParam5_74,3.534483354883378e-07
vgg19,75,vgg19-imagenet_origin-MDtype4-NLAll9-MDtype24-MShape37-MDims58-Edge85_75,3.534483354883378e-07
vgg19,76,vgg19-imagenet_origin-MDtype0-MDims2_76,3.534483354883378e-07
vgg19,77,vgg19-imagenet_origin-MDtype0-MDims2-NLAll81_77,3.534483354883378e-07
vgg19,78,vgg19-imagenet_origin-MParam1-MDims3-LMerg23-MDtype30-Edge40-MShape66_78,0.0001293821396757266
vgg19,79,vgg19-imagenet_origin-MParam1-MDims3-LMerg23-Edge86_79,0.0002309337710784121
resnet50,1,resnet50-imagenet_origin-Edge2-NLAll8_1,0.6763525865972042
resnet50,2,resnet50-imagenet_origin-Edge2-NLAll4-MDtype12-LMerg27_2,0.6763525865972042
resnet50,3,resnet50-imagenet_origin-Edge2-NLAll3-MDtype9-NLAll37_3,0.6763525865972042
resnet50,4,resnet50-imagenet_origin-Edge2-NLAll4-MDtype12-NLAll16_4,0.8865800648927689
resnet50,5,resnet50-imagenet_origin-LMerg1-Edge11-MParam18-NLAll85_5,0.8865800648927689
resnet50,6,resnet50-imagenet_origin-LMerg1-LMerg17_6,0.8865800648927689
resnet50,7,resnet50-imagenet_origin-Edge2-NLAll3-MDtype9_7,0.8865800648927689
resnet50,8,resnet50-imagenet_origin-Edge2-NLAll4-MParam6-SpecialI7-MShape38-NLAll44-MDims61_8,0.8865800648927689
resnet50,9,resnet50-imagenet_origin-Edge2-NLAll4-MParam6-SpecialI7-MShape38-NLAll46-MParam59-NLAll69_9,0.8865800648927689
resnet50,10,resnet50-imagenet_origin-Edge2-NLAll57_10,0.8865800648927689
resnet50,11,resnet50-imagenet_origin-Edge2-NLAll4-MParam6-SpecialI7-MShape38-MDtype67_11,
resnet50,12,resnet50-imagenet_origin-LMerg1-Edge11-MDtype79_12,
resnet50,13,resnet50-imagenet_origin-MDims13-LMerg53_13,
resnet50,14,resnet50-imagenet_origin-Edge2-NLAll4-MDtype12-LMerg27-MDtype87_14,
resnet50,15,resnet50-imagenet_origin-MDtype29-MDims74_15,0.0
resnet50,16,resnet50-imagenet_origin-MDtype29_16,0.0
resnet50,17,resnet50-imagenet_origin-LMerg1-Edge14-MDtype19_17,0.0
resnet50,18,resnet50-imagenet_origin-Edge2-NLAll4-MParam6-SpecialI7-MShape38-NLAll46_18,0.0
resnet50,19,resnet50-imagenet_origin-Edge2-NLAll3-MDtype9-LMerg36-NLAll60_19,0.0
resnet50,20,resnet50-imagenet_origin-Edge2-NLAll4-MDtype5_20,0.0
resnet50,21,resnet50-imagenet_origin-LMerg1-Edge11-MParam18_21,0.0
resnet50,22,resnet50-imagenet_origin-MDims0_22,0.008491007552748897
resnet50,23,resnet50-imagenet_origin-LMerg1-Edge11-LMerg24-NLAll25-NLAll34_23,0.008491007552748897
resnet50,24,resnet50-imagenet_origin-Edge2-NLAll4-MDtype5-MParam56-NLAll68-LMerg95_24,0.008491007552748897
resnet50,25,resnet50-imagenet_origin-LMerg1-Edge11-LMerg24-NLAll25-LMerg43_25,0.008491007552748897
resnet50,26,resnet50-imagenet_origin-Edge2-NLAll3_26,0.008491007552748897
resnet50,27,resnet50-imagenet_origin-LMerg1-Edge14-Edge47-MDtype55_27,0.008491007552748897
resnet50,28,resnet50-imagenet_origin-LMerg1-Edge11-LMerg24_28,0.008491007552748897
resnet50,29,resnet50-imagenet_origin-Edge2-NLAll57-NLAll90_29,0.008491007552748897
resnet50,30,resnet50-imagenet_origin-MDtype29-MShape50_30,0.0
resnet50,31,resnet50-imagenet_origin-MParam31_31,0.0
resnet50,32,resnet50-imagenet_origin_32,0.0
resnet50,33,resnet50-imagenet_origin-MDims13_33,0.0
resnet50,34,resnet50-imagenet_origin-Edge2-NLAll4-MParam6-SpecialI7-MShape38_34,
resnet50,35,resnet50-imagenet_origin-LMerg1-Edge14-Edge47_35,
resnet50,36,resnet50-imagenet_origin-LMerg1-Edge11-MParam77_36,
resnet50,37,resnet50-imagenet_origin-LMerg1-MParam20_37,
resnet50,38,resnet50-imagenet_origin-Edge2-NLAll4-MDtype5-LMerg23-NLAll63-NLAll73_38,
resnet50,39,resnet50-imagenet_origin-Edge2-NLAll8-NLAll22-MParam71-NLAll80_39,
resnet50,40,resnet50-imagenet_origin-Edge2-NLAll4-MDtype12-NLAll16-NLAll32_40,
resnet50,41,resnet50-imagenet_origin-Edge2-NLAll4-MDtype5-MParam56_41,
resnet50,42,resnet50-imagenet_origin-Edge2-MParam21_42,0.2151191812008619
resnet50,43,resnet50-imagenet_origin-Edge2-NLAll8-MDtype72_43,0.2151191812008619
resnet50,44,resnet50-imagenet_origin-LMerg1-Edge14-LMerg15-NLAll45_44,0.2151191812008619
resnet50,45,resnet50-imagenet_origin-LMerg1-Edge14-MDtype19-MDims76_45,0.2151191812008619
resnet50,46,resnet50-imagenet_origin-MDims0-MDims70_46,0.0
resnet50,47,resnet50-imagenet_origin-Edge2-NLAll4-MParam6_47,0.9597139582037926
resnet50,48,resnet50-imagenet_origin-Edge2-NLAll4-MParam6-SpecialI7-MShape38-NLAll46-MParam59-NLAll83_48,0.9597139582037926
resnet50,49,resnet50-imagenet_origin-Edge2-NLAll4-MParam6-MParam35-Edge98_49,0.4802174679934978
resnet50,50,resnet50-imagenet_origin-LMerg1-Edge11-MParam18-NLAll85-LMerg94_50,0.4802174679934978
resnet50,51,resnet50-imagenet_origin-Edge2-NLAll8-SpecialI10_51,
resnet50,52,resnet50-imagenet_origin-MDims0-Edge75_52,3.168672114610672
resnet50,53,resnet50-imagenet_origin-Edge2-NLAll4-MParam6-SpecialI7-MShape38-NLAll46-MParam59_53,3.168672114610672
resnet50,54,resnet50-imagenet_origin-MDims0-SpecialI28_54,
resnet50,55,resnet50-imagenet_origin-LMerg1_55,
resnet50,56,resnet50-imagenet_origin-Edge2-NLAll4-MParam6-SpecialI7-MDims64_56,
resnet50,57,resnet50-imagenet_origin-Edge2-NLAll4-MDtype5-LMerg23-NLAll63_57,
resnet50,58,resnet50-imagenet_origin-LMerg1-Edge14-Edge47-Edge54-NLAll84_58,
resnet50,59,resnet50-imagenet_origin-LMerg1-NLAll48_59,
resnet50,60,resnet50-imagenet_origin-LMerg1-Edge14-Edge47-MParam82_60,
resnet50,61,resnet50-imagenet_origin-LMerg1-LMerg17-LMerg39_61,
resnet50,62,resnet50-imagenet_origin-Edge2-NLAll4-MParam6-SpecialI7_62,
resnet50,63,resnet50-imagenet_origin-Edge2-NLAll4-MParam6-SpecialI7-MShape38-NLAll44-MDims61-NLAll78-MDtype96_63,
resnet50,64,resnet50-imagenet_origin-Edge2-NLAll4-MParam6-SpecialI7-MShape38-NLAll44-MDims61-NLAll78_64,
resnet50,65,resnet50-imagenet_origin-Edge2-NLAll49_65,0.2159504536539316
resnet50,66,resnet50-imagenet_origin-Edge2-NLAll3-MDtype9-LMerg36_66,0.2159504536539316
resnet50,67,resnet50-imagenet_origin-Edge2_67,0.06626813707407564
resnet50,68,resnet50-imagenet_origin-LMerg1-Edge14-LMerg15_68,0.06626813707407564
resnet50,69,resnet50-imagenet_origin-Edge2-NLAll3-MDtype9-NLAll37-MDtype40-NLAll86-NLAll88_69,0.06626813707407564
resnet50,70,resnet50-imagenet_origin-Edge2-NLAll4-MParam6-MParam35_70,0.4745354726910591
resnet50,71,resnet50-imagenet_origin-Edge2-NLAll8-NLAll22-MParam71_71,0.4745354726910591
resnet50,72,resnet50-imagenet_origin-MParam31-NLAll58_72,0.000786974993388867
resnet50,73,resnet50-imagenet_origin-LMerg1-Edge11-LMerg24-NLAll25_73,0.000786974993388867
resnet50,74,resnet50-imagenet_origin-Edge2-NLAll4_74,0.8551305085420609
resnet50,75,resnet50-imagenet_origin-Edge2-NLAll4-MParam6-SpecialI7-MShape38-NLAll44-MDims61-NLAll78-NLAll81_75,0.8551305085420609
resnet50,76,resnet50-imagenet_origin-Edge2-NLAll4-MDtype5-MParam56-NLAll68_76,0.8551305085420609
resnet50,77,resnet50-imagenet_origin-Edge2-NLAll4-MParam6-SpecialI7-MShape38-NLAll46-MParam59-SpecialI93_77,0.8551305085420609
resnet50,78,resnet50-imagenet_origin-Edge2-NLAll3-MDtype9-NLAll37-MParam89_78,0.8551305085420609
resnet50,79,resnet50-imagenet_origin-LMerg1-Edge14-Edge47-Edge54_79,0.8551305085420609
resnet50,80,resnet50-imagenet_origin-Edge2-NLAll4-LMerg91_80,0.5659123733639717
resnet50,81,resnet50-imagenet_origin-MDims13-Edge65_81,1.466912478208542
resnet50,82,resnet50-imagenet_origin-MDims0-MShape41_82,0.0
resnet50,83,resnet50-imagenet_origin-LMerg1-Edge11_83,0.0
resnet50,84,resnet50-imagenet_origin-Edge2-NLAll4-MParam6-SpecialI7-MShape38-NLAll44_84,0.0
resnet50,85,resnet50-imagenet_origin-Edge2-NLAll3-MDtype9-NLAll37-MDtype40_85,0.0
resnet50,86,resnet50-imagenet_origin-LMerg1-Edge14_86,0.0
resnet50,87,resnet50-imagenet_origin-Edge2-NLAll4-MDtype12-NLAll16-LMerg51_87,2.905262172222137
resnet50,88,resnet50-imagenet_origin-Edge2-NLAll4-MDtype5-LMerg23_88,2.905262172222137
resnet50,89,resnet50-imagenet_origin-LMerg1-Edge14-Edge47-Edge54-NLAll99_89,2.905262172222137
resnet50,90,resnet50-imagenet_origin-Edge2-NLAll4-MDtype12_90,0.763202965259552
resnet50,91,resnet50-imagenet_origin-Edge2-NLAll4-MParam6-MDtype42_91,0.58980393409729
resnet50,92,resnet50-imagenet_origin-Edge2-NLAll3-MDtype9-NLAll37-MDtype40-NLAll86_92,0.58980393409729
resnet50,93,resnet50-imagenet_origin-Edge2-NLAll3-MDtype9-LMerg36-MDtype97_93,0.58980393409729
resnet50,94,resnet50-imagenet_origin-Edge2-NLAll8-NLAll22_94,0.58980393409729
resnet50,95,resnet50-imagenet_origin-Edge2-NLAll4-MParam6-MDtype30_95,0.6780807301402092
resnet50,96,resnet50-imagenet_origin-Edge2-NLAll8-NLAll22-MParam71-NLAll80-MDtype92_96,0.6780807301402092
resnet50,97,resnet50-imagenet_origin-Edge2-NLAll4-MDtype5-NLAll26_97,0.6780807301402092
alexnet,1,alexnet-cifar10_origin-Edge0-MParam12-MDtype30-LMerg75-MDtype96_1,-1.0
alexnet,2,alexnet-cifar10_origin-Edge0-MDims3-MShape9-MParam11-MShape13_2,-1.0
alexnet,3,alexnet-cifar10_origin-Edge0-MParam12-MDtype30_3,-1.0
alexnet,4,alexnet-cifar10_origin-Edge0-MParam12-LMerg20-Edge35_4,-1.0
alexnet,5,alexnet-cifar10_origin-MDims37-NLAll41-MDims42-LMerg59-NLAll70_5,-1.0
alexnet,6,alexnet-cifar10_origin-MDims1_6,-1.0
alexnet,7,alexnet-cifar10_origin-Edge0-MDims3-MDtype5-MParam16-NLAll52-MParam84_7,-1.0
alexnet,8,alexnet-cifar10_origin-Edge0-NLAll6-MParam31-Edge68_8,-1.0
alexnet,9,alexnet-cifar10_origin-Edge0-NLAll6-MParam31-MDtype45-NLAll55_9,-1.0
alexnet,10,alexnet-cifar10_origin-Edge0-MDims3-MDtype5-MParam50-Edge51_10,-1.0
alexnet,11,alexnet-cifar10_origin-Edge23-MDtype36-NLAll48_11,-1.0
alexnet,12,alexnet-cifar10_origin-MDims37-NLAll41_12,-1.0
alexnet,13,alexnet-cifar10_origin-MDims37-NLAll41-MDims42_13,-1.0
alexnet,14,alexnet-cifar10_origin-Edge0-MShape7-LMerg58_14,-1.0
alexnet,15,alexnet-cifar10_origin-Edge0-MDims3-MDtype5-MShape18_15,2.903935521841049
alexnet,16,alexnet-cifar10_origin-MParam33-MDtype46_16,2.903935521841049
alexnet,17,alexnet-cifar10_origin-Edge0-NLAll6-MParam31-Edge68-MParam73_17,2.903935521841049
alexnet,18,alexnet-cifar10_origin-Edge0-MDims3-MDtype5-NLAll8-MDims29_18,8.74600350856781
alexnet,19,alexnet-cifar10_origin-Edge0-MDims3-MShape9-MParam11-MShape13-SpecialI66_19,
alexnet,20,alexnet-cifar10_origin-Edge0-MDims3-MDtype5-MParam16-MDims17_20,8.547489583492279
alexnet,21,alexnet-cifar10_origin-MParam33-MParam54_21,0.7030230797827244
alexnet,22,alexnet-cifar10_origin-Edge0-MDims3-MShape9_22,0.701210156083107
alexnet,23,alexnet-cifar10_origin-Edge0-MDims3-MDtype5-NLAll28-NLAll53_23,0.701210156083107
alexnet,24,alexnet-cifar10_origin-Edge0-MDims3-MShape9-MDims40-Edge87_24,0.8940811455249786
alexnet,25,alexnet-cifar10_origin-Edge0-MDims3-MShape9-MParam11-MDtype21_25,0.8940811455249786
alexnet,26,alexnet-cifar10_origin-Edge0-MDims3-MShape9-MDims40-NLAll69_26,0.8940811455249786
alexnet,27,alexnet-cifar10_origin-Edge0-MDims3-MDtype5-MShape67_27,0.8940811455249786
alexnet,28,alexnet-cifar10_origin-Edge0-MParam12-MDtype30-MParam63_28,0.8940811455249786
alexnet,29,alexnet-cifar10_origin-Edge0-NLAll10-MDims60_29,0.8940811455249786
alexnet,30,alexnet-cifar10_origin-Edge0-MDims3-SpecialI4_30,
alexnet,31,alexnet-cifar10_origin-Edge0-MDims3-MDtype5-MParam50-LMerg62_31,
alexnet,32,alexnet-cifar10_origin_32,0.0993911664118059
alexnet,33,alexnet-cifar10_origin-Edge0-MDims3-MDtype5-MParam16-NLAll52_33,0.0993911664118059
alexnet,34,alexnet-cifar10_origin-MDims37_34,0.1051872714888304
alexnet,35,alexnet-cifar10_origin-Edge0-MDims3-MDtype5-NLAll8-MParam24_35,8.550778448581696
alexnet,36,alexnet-cifar10_origin-Edge0-MDims3-MDtype5-MParam50_36,1.301921434700489
alexnet,37,alexnet-cifar10_origin-Edge0-MDims3-MShape9-MDims40_37,0.6336697116494179
alexnet,38,alexnet-cifar10_origin-Edge0-NLAll6_38,0.6336697116494179
alexnet,39,alexnet-cifar10_origin-Edge0-MDims3-MDtype5-Edge27_39,8.660566091537476
alexnet,40,alexnet-cifar10_origin-Edge0-MParam12-LMerg34-LMerg81_40,8.660566091537476
alexnet,41,alexnet-cifar10_origin-Edge0-NLAll6-MParam31-MDtype45_41,8.660566091537476
alexnet,42,alexnet-cifar10_origin-MParam33-MDtype46-LMerg71_42,8.660566091537476
alexnet,43,alexnet-cifar10_origin-MParam33_43,0.159271027892828
alexnet,44,alexnet-cifar10_origin-Edge23-MDtype36_44,8.026295721530914
alexnet,45,alexnet-cifar10_origin-Edge0-MDims3-MDtype5-MParam16-MDims17-Edge22-NLAll86_45,8.026295721530914
alexnet,46,alexnet-cifar10_origin-Edge0-MParam12-MDtype30-LMerg75_46,8.026295721530914
alexnet,47,alexnet-cifar10_origin-Edge0-MParam12-MDtype32-MDtype93_47,7.972090065479279
alexnet,48,alexnet-cifar10_origin-Edge23_48,7.836490154266357
alexnet,49,alexnet-cifar10_origin-Edge0-MDims3-MDtype5-MParam16_49,8.331201255321503
alexnet,50,alexnet-cifar10_origin-Edge0-MDims3-MDtype5-NLAll8_50,8.465157508850098
alexnet,51,alexnet-cifar10_origin-Edge0-NLAll6-MParam31-MDtype45-MParam76_51,8.465157508850098
alexnet,52,alexnet-cifar10_origin-Edge0-MDims3-MDtype5_52,8.52537077665329
alexnet,53,alexnet-cifar10_origin-Edge0-MDims3_53,8.533559203147888
alexnet,54,alexnet-cifar10_origin-Edge0-NLAll6-MParam31-Edge68-LMerg80_54,8.533559203147888
alexnet,55,alexnet-cifar10_origin-Edge0-NLAll6-MParam31-MParam38_55,8.533559203147888
alexnet,56,alexnet-cifar10_origin-Edge0-MDims3-MShape9-LMerg74_56,0.8154203668236732
alexnet,57,alexnet-cifar10_origin-MParam33-LMerg61_57,0.8154203668236732
alexnet,58,alexnet-cifar10_origin-Edge0-MDims3-MShape9-MParam11_58,0.02739324956201017
alexnet,59,alexnet-cifar10_origin-SpecialI2_59,
alexnet,60,alexnet-cifar10_origin-Edge0-MParam12-MDtype32_60,8.281766891479492
alexnet,61,alexnet-cifar10_origin-Edge0-MParam12-MDtype30-MParam63-NLAll79_61,8.281766891479492
alexnet,62,alexnet-cifar10_origin-Edge0-MDims3-MShape9-MShape19_62,8.281766891479492
alexnet,63,alexnet-cifar10_origin-MParam33-MDtype46-MParam99_63,8.281766891479492
alexnet,64,alexnet-cifar10_origin-Edge0-MParam12_64,8.04154121875763
alexnet,65,alexnet-cifar10_origin-Edge23-LMerg56_65,7.959514856338501
alexnet,66,alexnet-cifar10_origin-Edge0-MParam12-MDtype30-LMerg75-MShape91_66,7.959514856338501
alexnet,67,alexnet-cifar10_origin-Edge0-MParam12-LMerg20_67,7.973292827606201
alexnet,68,alexnet-cifar10_origin-Edge0-NLAll6-MParam31-MParam38-LMerg64_68,7.973292827606201
alexnet,69,alexnet-cifar10_origin-Edge0-NLAll6-MParam31-MParam38-MDims57_69,7.973292827606201
alexnet,70,alexnet-cifar10_origin-MParam33-MDtype46-LMerg49_70,7.973292827606201
alexnet,71,alexnet-cifar10_origin-Edge0-NLAll6-MParam31-MParam38-NLAll47_71,7.973292827606201
alexnet,72,alexnet-cifar10_origin-Edge0-MDims3-MDtype5-MParam16-NLAll52-MDtype92_72,7.973292827606201
alexnet,73,alexnet-cifar10_origin-MParam33-MShape94_73,0.004539030982414261
alexnet,74,alexnet-cifar10_origin-Edge23-LMerg56-Edge82_74,8.320905089378357
alexnet,75,alexnet-cifar10_origin-Edge0-MParam12-LMerg34_75,7.952061533927917
alexnet,76,alexnet-cifar10_origin-Edge0-MShape7_76,0.6087518483400345
alexnet,77,alexnet-cifar10_origin-Edge0-NLAll6-MParam31-MDtype45-NLAll55-NLAll88_77,0.6087518483400345
alexnet,78,alexnet-cifar10_origin-Edge0-MDims3-MDtype5-MParam16-MDims17-Edge22-MDtype83_78,0.6087518483400345
alexnet,79,alexnet-cifar10_origin-Edge0-NLAll10-NLAll39_79,0.6087518483400345
alexnet,80,alexnet-cifar10_origin-Edge0-MDims3-MDtype5-NLAll28_80,0.6087518483400345
alexnet,81,alexnet-cifar10_origin-Edge0-MDims3-MDtype5-MParam16-MDims17-Edge22_81,8.324863374233246
alexnet,82,alexnet-cifar10_origin-Edge0-MParam12-MDtype30-MParam63-NLAll72_82,8.324863374233246
alexnet,83,alexnet-cifar10_origin-Edge0-NLAll10_83,8.324863374233246
alexnet,84,alexnet-cifar10_origin-MParam33-NLAll78_84,8.324863374233246
alexnet,85,alexnet-cifar10_origin-SpecialI2-Edge44_85,
alexnet,86,alexnet-cifar10_origin-Edge0-MDims3-MDtype5-MParam16-MDims17-Edge65_86,8.306991398334503
alexnet,87,alexnet-cifar10_origin-Edge0-MDims3-MShape9-MParam11-MShape13-Edge25-SpecialI77_87,
alexnet,88,alexnet-cifar10_origin-Edge0_88,8.372615277767181
alexnet,89,alexnet-cifar10_origin-Edge0-MDims3-MShape9-MParam11-MShape13-Edge25_89,0.01048000488663092
alexnet,90,alexnet-cifar10_origin-Edge0-MParam12-MDtype30-MParam63-NLAll72-NLAll89_90,0.01048000488663092
alexnet,91,alexnet-cifar10_origin-Edge0-NLAll6-MParam31_91,0.01048000488663092
alexnet,92,alexnet-cifar10_origin-Edge0-MDims3-MDtype5-MParam16-MDims17-Edge22-MDtype83-NLAll95_92,0.01048000488663092
alexnet,93,alexnet-cifar10_origin-MDims37-NLAll41-MDims42-LMerg59_93,0.01048000488663092
alexnet,94,alexnet-cifar10_origin-Edge23-NLAll97_94,0.01048000488663092
alexnet,95,alexnet-cifar10_origin-Edge0-MDims3-MShape9-MParam11-MShape13-Edge25-MParam85-MDims98_95,0.005426409479696304
alexnet,96,alexnet-cifar10_origin-Edge0-MDims3-LMerg43_96,8.75843632221222
alexnet,97,alexnet-cifar10_origin-Edge0-MDims3-MShape9-MParam11-MShape13-Edge25-MParam85_97,0.00864481262397021
alexnet,98,alexnet-cifar10_origin-MDims1-MShape26_98,0.08107932284474373
mobilenetv2,1,mobilenet-imagenet_origin-MDims0-SpecialI8-MParam10-MParam39-LMerg54_1,1.708240654352267e-05
mobilenetv2,2,mobilenet-imagenet_origin-MParam5-NLAll6-MShape80_2,1.708240654352267e-05
mobilenetv2,3,mobilenet-imagenet_origin-MDims0-SpecialI8-MDtype35-MDtype36_3,1.708240654352267e-05
mobilenetv2,4,mobilenet-imagenet_origin-MDims0-SpecialI8-MDims25-MDtype42-LMerg64-MDtype79_4,1.708240654352267e-05
mobilenetv2,5,mobilenet-imagenet_origin-MParam5-NLAll6-Edge9-NLAll11_5,1.708240654352267e-05
mobilenetv2,6,mobilenet-imagenet_origin-MParam5-MDtype29-LMerg31_6,1.708240654352267e-05
mobilenetv2,7,mobilenet-imagenet_origin-MDtype1-MShape3_7,0.0001212025927088689
mobilenetv2,8,mobilenet-imagenet_origin-MDtype1-Edge61-MParam63_8,2.705656285684199e-07
mobilenetv2,9,mobilenet-imagenet_origin-MDtype1-MShape2-MDims7-Edge28-MDtype33-SpecialI37_9,
mobilenetv2,10,mobilenet-imagenet_origin-MDims0-SpecialI8-MParam10-MParam39-MDtype49_10,1.961738473710284e-05
mobilenetv2,11,mobilenet-imagenet_origin-MDtype1-MShape3-MShape13_11,0.001139881569542922
mobilenetv2,12,mobilenet-imagenet_origin-MParam5-NLAll6-Edge9-MDtype19-MDims47-MParam73_12,0.001139881569542922
mobilenetv2,13,mobilenet-imagenet_origin-MDtype1-MShape2-MDims41-Edge43-NLAll59_13,0.005957708170171827
mobilenetv2,14,mobilenet-imagenet_origin-MDtype1-Edge61_14,1.600333483509075e-07
mobilenetv2,15,mobilenet-imagenet_origin-MParam5-NLAll6-Edge9-MDtype19-Edge30-MDtype32-Edge65_15,1.600333483509075e-07
mobilenetv2,16,mobilenet-imagenet_origin-MParam5-NLAll6-Edge9-MDtype19-NLAll60_16,1.600333483509075e-07
mobilenetv2,17,mobilenet-imagenet_origin-MDims0-NLAll92_17,1.600333483509075e-07
mobilenetv2,18,mobilenet-imagenet_origin-MDtype1-MShape2-MDims7-Edge28_18,
mobilenetv2,19,mobilenet-imagenet_origin-MParam5-NLAll6-LMerg26-SpecialI72_19,
mobilenetv2,20,mobilenet-imagenet_origin-MDims0-SpecialI8_20,1.941493280810391e-05
mobilenetv2,21,mobilenet-imagenet_origin-MDtype1-MShape2-MDims7-Edge28-MDtype33_21,
mobilenetv2,22,mobilenet-imagenet_origin-MDims0-SpecialI8-MDims25-Edge68-MDtype75_22,0.1484923912212253
mobilenetv2,23,mobilenet-imagenet_origin-MDtype1-MShape2_23,
mobilenetv2,24,mobilenet-imagenet_origin-MDims0-SpecialI8-MParam10-LMerg50_24,2.642853087309049e-05
mobilenetv2,25,mobilenet-imagenet_origin-MDims0-Edge69_25,0.0001909835536935134
mobilenetv2,26,mobilenet-imagenet_origin-MDtype1-MParam20-MShape22_26,5.883224929448261e-07
mobilenetv2,27,mobilenet-imagenet_origin-MDtype1-MShape2-MDims7-Edge28-MDtype33-MDims40_27,
mobilenetv2,28,mobilenet-imagenet_origin-MDtype1-MParam48_28,0.0
mobilenetv2,29,mobilenet-imagenet_origin-MDims0-SpecialI8-MDims25-Edge68-MDtype75-MDims83_29,0.08793485822388902
mobilenetv2,30,mobilenet-imagenet_origin-Edge4-Edge14-SpecialI38_30,
mobilenetv2,31,mobilenet-imagenet_origin-Edge4-Edge14_31,0.9880343526601791
mobilenetv2,32,mobilenet-imagenet_origin-MParam5-NLAll6-MShape80-NLAll85_32,0.9880343526601791
mobilenetv2,33,mobilenet-imagenet_origin-MParam5-NLAll6-Edge9-NLAll11-Edge87_33,0.9880343526601791
mobilenetv2,34,mobilenet-imagenet_origin-MDims0-Edge12_34,1.718526590366309e-05
mobilenetv2,35,mobilenet-imagenet_origin-MParam5-MDtype29-LMerg31-MParam58-NLAll76_35,1.718526590366309e-05
mobilenetv2,36,mobilenet-imagenet_origin-MParam5-NLAll6-Edge9-MDtype19-MDims47-MParam73-NLAll86_36,1.718526590366309e-05
mobilenetv2,37,mobilenet-imagenet_origin-MParam5-MDtype29_37,0.0
mobilenetv2,38,mobilenet-imagenet_origin-MDims0-SpecialI8-MDims25-MDtype42-NLAll93_38,0.0
mobilenetv2,39,mobilenet-imagenet_origin-MParam5-NLAll6-MParam74_39,0.0
mobilenetv2,40,mobilenet-imagenet_origin-MParam5-NLAll6-Edge9-MDtype19-MDims47_40,0.0
mobilenetv2,41,mobilenet-imagenet_origin-MParam5-NLAll6-Edge9-MDtype19-Edge30-MDims84_41,0.0
mobilenetv2,42,mobilenet-imagenet_origin-MParam5-NLAll6-Edge9_42,0.0
mobilenetv2,43,mobilenet-imagenet_origin_43,6.180867728744488e-07
mobilenetv2,44,mobilenet-imagenet_origin-MDtype1_44,0.0
mobilenetv2,45,mobilenet-imagenet_origin-MDims0-MDtype24-SpecialI70_45,0.0
mobilenetv2,46,mobilenet-imagenet_origin-MDims0-SpecialI8-MDims25-MDtype42-LMerg64-MParam77-MShape91_46,0.0
mobilenetv2,47,mobilenet-imagenet_origin-MDims0-SpecialI8-MDims25-Edge68_47,0.3298378717154264
mobilenetv2,48,mobilenet-imagenet_origin-MParam5-NLAll6-MDims44_48,0.3298378717154264
mobilenetv2,49,mobilenet-imagenet_origin-MDims0-SpecialI8-LMerg98_49,0.3298378717154264
mobilenetv2,50,mobilenet-imagenet_origin-MDtype1-MShape2-NLAll97_50,0.3298378717154264
mobilenetv2,51,mobilenet-imagenet_origin-Edge4-MParam67_51,8.883517622947693
mobilenetv2,52,mobilenet-imagenet_origin-Edge4-Edge14-MParam21_52,0.9010659530758858
mobilenetv2,53,mobilenet-imagenet_origin-MDims0-SpecialI8-MDtype35_53,0.9010659530758858
mobilenetv2,54,mobilenet-imagenet_origin-MDtype1-MShape2-MDims41-Edge43-NLAll59-NLAll82_54,0.9010659530758858
mobilenetv2,55,mobilenet-imagenet_origin-MDims0-SpecialI8-MDims25-MDtype42-LMerg64-MParam66_55,0.9010659530758858
mobilenetv2,56,mobilenet-imagenet_origin-MDims0-SpecialI8-MParam10-MParam39-LMerg53_56,2.483309140188794e-05
mobilenetv2,57,mobilenet-imagenet_origin-MDims0-SpecialI8-MDims25-MDtype42_57,2.483309140188794e-05
mobilenetv2,58,mobilenet-imagenet_origin-MDtype1-MShape2-MDims7-Edge28-MDtype33-MParam99_58,
mobilenetv2,59,mobilenet-imagenet_origin-MParam5-NLAll6-LMerg26_59,
mobilenetv2,60,mobilenet-imagenet_origin-MParam5-NLAll6-LMerg26-MParam95_60,
mobilenetv2,61,mobilenet-imagenet_origin-MParam5-MDtype29-LMerg31-Edge89_61,
mobilenetv2,62,mobilenet-imagenet_origin-MParam5-NLAll6-Edge9-MDtype19-Edge30_62,
mobilenetv2,63,mobilenet-imagenet_origin-MDtype1-MParam20-MDtype23_63,5.173044570483398e-07
mobilenetv2,64,mobilenet-imagenet_origin-MDims0_64,5.14508116111756e-07
mobilenetv2,65,mobilenet-imagenet_origin-MParam5-NLAll6-Edge9-MDtype19-MDims47-MDims52_65,5.14508116111756e-07
mobilenetv2,66,mobilenet-imagenet_origin-MDims0-NLAll78_66,5.367252242649556e-07
mobilenetv2,67,mobilenet-imagenet_origin-MParam5_67,0.0
mobilenetv2,68,mobilenet-imagenet_origin-MDims0-SpecialI8-MParam10-MParam39_68,1.980512024601921e-05
mobilenetv2,69,mobilenet-imagenet_origin-MDtype1-MParam20-MDtype23-LMerg34-MShape71_69,1.980512024601921e-05
mobilenetv2,70,mobilenet-imagenet_origin-MDims0-Edge12-MParam81_70,9.689810485724593e-05
mobilenetv2,71,mobilenet-imagenet_origin-MDims0-MDtype24_71,0.0
mobilenetv2,72,mobilenet-imagenet_origin-MParam5-NLAll6_72,0.0
mobilenetv2,73,mobilenet-imagenet_origin-MDims0-SpecialI8-MParam10-LMerg50-MParam62_73,1.638716329921408e-05
mobilenetv2,74,mobilenet-imagenet_origin-MDtype1-MParam20_74,0.0
mobilenetv2,75,mobilenet-imagenet_origin-MDtype1-MShape2-MDims41-Edge43_75,4.706080360961096e-07
mobilenetv2,76,mobilenet-imagenet_origin-MDims0-SpecialI8-MDims25-MDtype42-LMerg64-MParam77_76,4.706080360961096e-07
mobilenetv2,77,mobilenet-imagenet_origin-Edge4_77,9.060555517673492
mobilenetv2,78,mobilenet-imagenet_origin-MDtype1-MShape2-MDims41_78,0.001372768601868302
mobilenetv2,79,mobilenet-imagenet_origin-MDims0-SpecialI8-MDims25_79,1.227966629357979e-05
mobilenetv2,80,mobilenet-imagenet_origin-MParam5-NLAll6-Edge9-MDtype19-Edge30-MDtype32_80,1.227966629357979e-05
mobilenetv2,81,mobilenet-imagenet_origin-MDims0-SpecialI8-MParam10_81,1.926413199271337e-05
mobilenetv2,82,mobilenet-imagenet_origin-MParam5-MDtype29-MDtype55_82,2.188654519841293e-07
mobilenetv2,83,mobilenet-imagenet_origin-MParam5-MShape16_83,0.001259673008462414
mobilenetv2,84,mobilenet-imagenet_origin-MDims0-Edge12-MDtype27_84,4.965183512695148e-05
mobilenetv2,85,mobilenet-imagenet_origin-MDtype1-MShape2-MDims7_85,
mobilenetv2,86,mobilenet-imagenet_origin-MDims0-SpecialI8-MDims25-Edge68-MDtype75-LMerg94_86,
mobilenetv2,87,mobilenet-imagenet_origin-MParam5-NLAll6-Edge9-MDtype19_87,
mobilenetv2,88,mobilenet-imagenet_origin-MParam5-NLAll6-Edge9-NLAll11-Edge87-MParam96_88,
mobilenetv2,89,mobilenet-imagenet_origin-MDims0-NLAll51_89,0.001317532820394263
mobilenetv2,90,mobilenet-imagenet_origin-MDims0-SpecialI8-MDims25-MDtype42-LMerg64_90,0.001317532820394263
mobilenetv2,91,mobilenet-imagenet_origin-MParam5-MDtype29-LMerg31-MParam58_91,0.001317532820394263
mobilenetv2,92,mobilenet-imagenet_origin-MDims0-SpecialI8-MDims25-MDtype42-MParam56_92,0.001317532820394263
mobilenetv2,93,mobilenet-imagenet_origin-MDtype1-MShape2-MDims7-MDtype88_93,0.001317532820394263
mobilenetv2,94,mobilenet-imagenet_origin-MDtype1-MParam20-MDtype23-LMerg34_94,0.001317532820394263
lstm2,1,lstm2-price_origin-MParam0-MParam2-MShape36_1,-1.0
lstm2,2,lstm2-price_origin-LMerg1-NLAll60-MDims63-MShape80-NLAll96-MDims98_2,-1.0
lstm2,3,lstm2-price_origin-LMerg1-NLAll60-MParam72_3,-1.0
lstm2,4,lstm2-price_origin-Edge3-MDims5_4,-1.0
lstm2,5,lstm2-price_origin-MParam0-MParam2-MDims12_5,-1.0
lstm2,6,lstm2-price_origin-LMerg1-MShape76_6,-1.0
lstm2,7,lstm2-price_origin-MParam0-MParam2-NLAll27-MParam41-MDtype47-NLAll92_7,-1.0
lstm2,8,lstm2-price_origin_8,-1.0
lstm2,9,lstm2-price_origin-MParam0-MParam2_9,-1.0
lstm2,10,lstm2-price_origin-MParam0-MParam16-MParam43_10,-1.0
lstm2,11,lstm2-price_origin-LMerg39_11,-1.0
lstm2,12,lstm2-price_origin-Edge3-Edge7-MParam73-MParam74-NLAll81_12,-1.0
lstm2,13,lstm2-price_origin-Edge3-SpecialI6_13,-1.0
lstm2,14,lstm2-price_origin-MParam0-MParam2-NLAll27-NLAll32-Edge94_14,-1.0
lstm2,15,lstm2-price_origin-LMerg1_15,-1.0
lstm2,16,lstm2-price_origin-MParam0-MDtype22-MShape51_16,-1.0
lstm2,17,lstm2-price_origin-Edge3-MDtype49_17,-1.0
lstm2,18,lstm2-price_origin-MParam0-MParam2-NLAll27-MParam70_18,-1.0
lstm2,19,lstm2-price_origin-Edge46_19,-1.0
lstm2,20,lstm2-price_origin-Edge3-LMerg8-LMerg57_20,-1.0
lstm2,21,lstm2-price_origin-MParam0-MParam16-LMerg17-NLAll38_21,-1.0
lstm2,22,lstm2-price_origin-MDims4_22,-1.0
lstm2,23,lstm2-price_origin-MDims4-MShape28-MParam54-MParam55_23,-1.0
lstm2,24,lstm2-price_origin-Edge3-MParam75_24,-1.0
lstm2,25,lstm2-price_origin-Edge3-MDtype24_25,-1.0
lstm2,26,lstm2-price_origin-LMerg19-MParam87-NLAll99_26,-1.0
lstm2,27,lstm2-price_origin-MParam0-MParam2-NLAll27_27,-1.0
lstm2,28,lstm2-price_origin-Edge3-Edge7-MParam53_28,-1.0
lstm2,29,lstm2-price_origin-LMerg19-MParam87_29,-1.0
lstm2,30,lstm2-price_origin-LMerg20-MDtype78_30,-1.0
lstm2,31,lstm2-price_origin-MParam0-MParam2-MShape34_31,-1.0
lstm2,32,lstm2-price_origin-Edge3-Edge7-MParam73-MParam74_32,-1.0
lstm2,33,lstm2-price_origin-LMerg1-NLAll60-LMerg86_33,-1.0
lstm2,34,lstm2-price_origin-Edge3-MDims5-NLAll82_34,-1.0
lstm2,35,lstm2-price_origin-MParam0-MParam16_35,-1.0
lstm2,36,lstm2-price_origin-MParam0-MDtype22-MShape50_36,-1.0
lstm2,37,lstm2-price_origin-MParam0-MParam16-LMerg17-Edge66_37,-1.0
lstm2,38,lstm2-price_origin-Edge3-Edge7-Edge48_38,-1.0
lstm2,39,lstm2-price_origin-MParam0-MParam2-NLAll27-MParam41-MParam93_39,-1.0
lstm2,40,lstm2-price_origin-MParam0-MParam16-LMerg17-MShape30-MParam42_40,-1.0
lstm2,41,lstm2-price_origin-LMerg1-NLAll60-MDims63-MDims89-MParam97_41,-1.0
lstm2,42,lstm2-price_origin-MParam0-MParam2-NLAll27-NLAll32-LMerg68_42,-1.0
lstm2,43,lstm2-price_origin-MParam0-MParam2-MShape23-NLAll29-MDims90_43,-1.0
lstm2,44,lstm2-price_origin-MParam0-MParam16-LMerg25_44,-1.0
lstm2,45,lstm2-price_origin-MParam0-MParam2-NLAll27-MParam83_45,-1.0
lstm2,46,lstm2-price_origin-MParam0-MDims62_46,-1.0
lstm2,47,lstm2-price_origin-LMerg19-MDims31_47,-1.0
lstm2,48,lstm2-price_origin-Edge3-Edge7_48,-1.0
lstm2,49,lstm2-price_origin-Edge3-MDtype24-NLAll69-NLAll84_49,-1.0
lstm2,50,lstm2-price_origin-Edge3-MDims5-MShape61_50,-1.0
lstm2,51,lstm2-price_origin-MParam0-MParam2-NLAll27-MParam41_51,-1.0
lstm2,52,lstm2-price_origin-Edge3-MDtype24-NLAll69-NLAll84-MDtype95_52,-1.0
lstm2,53,lstm2-price_origin-MDims4-MShape28-MParam54_53,-1.0
lstm2,54,lstm2-price_origin-MParam0-MParam16-LMerg17-MParam58-MDtype85_54,-1.0
lstm2,55,lstm2-price_origin-MParam0-SpecialI10_55,-1.0
lstm2,56,lstm2-price_origin-Edge3-LMerg8-MParam37-MDtype88_56,-1.0
lstm2,57,lstm2-price_origin-MParam0-MDtype22_57,-1.0
lstm2,58,lstm2-price_origin-Edge3-SpecialI6-MDims45_58,-1.0
lstm2,59,lstm2-price_origin-Edge3-LMerg8_59,-1.0
lstm2,60,lstm2-price_origin-MParam0-MParam16-MDims40_60,-1.0
lstm2,61,lstm2-price_origin-MParam0-MParam2-MShape23-NLAll29_61,-1.0
lstm2,62,lstm2-price_origin-MParam0-MParam16-LMerg17-MShape30_62,-1.0
lstm2,63,lstm2-price_origin-LMerg1-NLAll60-MDims63_63,-1.0
lstm2,64,lstm2-price_origin-Edge3-SpecialI13_64,-1.0
lstm2,65,lstm2-price_origin-MDims4-MShape28_65,-1.0
lstm2,66,lstm2-price_origin-Edge3-MDtype24-NLAll69_66,-1.0
lstm2,67,lstm2-price_origin-MParam0-MParam2-LMerg33_67,-1.0
lstm2,68,lstm2-price_origin-Edge3-MDims5-SpecialI11_68,-1.0
lstm2,69,lstm2-price_origin-MParam0-MParam2-LMerg33-MParam59_69,-1.0
lstm2,70,lstm2-price_origin-MDims4-MShape26-NLAll44_70,-1.0
lstm2,71,lstm2-price_origin-LMerg1-NLAll60-MDims63-MShape80-NLAll96_71,-1.0
lstm2,72,lstm2-price_origin-LMerg20-MDtype52_72,-1.0
lstm2,73,lstm2-price_origin-LMerg1-NLAll60-MDims63-NLAll79_73,-1.0
lstm2,74,lstm2-price_origin-Edge3_74,-1.0
lstm2,75,lstm2-price_origin-MParam0-MParam2-NLAll27-MParam41-MDtype47_75,-1.0
lstm2,76,lstm2-price_origin-MParam0-MParam2-MShape23-MShape64_76,-1.0
lstm2,77,lstm2-price_origin-MParam0-MParam16-MParam43-MDims67_77,-1.0
lstm2,78,lstm2-price_origin-MParam0-Edge21_78,-1.0
lstm2,79,lstm2-price_origin-MParam0-MParam16-LMerg17_79,-1.0
lstm2,80,lstm2-price_origin-MParam0-MParam2-NLAll27-NLAll32_80,-1.0
lstm2,81,lstm2-price_origin-Edge3-Edge7-LMerg18_81,-1.0
lstm2,82,lstm2-price_origin-Edge3-Edge7-MParam73_82,-1.0
lstm2,83,lstm2-price_origin-MParam0-MParam2-MShape23-MParam56_83,-1.0
lstm2,84,lstm2-price_origin-MParam0_84,-1.0
lstm2,85,lstm2-price_origin-LMerg19_85,-1.0
lstm2,86,lstm2-price_origin-Edge3-SpecialI6-Edge15_86,-1.0
lstm2,87,lstm2-price_origin-Edge3-LMerg8-MParam37_87,-1.0
lstm2,88,lstm2-price_origin-Edge3-Edge14_88,-1.0
lstm2,89,lstm2-price_origin-MParam0-MParam16-LMerg17-MParam58_89,-1.0
lstm2,90,lstm2-price_origin-LMerg1-NLAll60-MDims63-MDims89_90,-1.0
lstm2,91,lstm2-price_origin-MParam0-MParam2-MShape23_91,-1.0
lstm2,92,lstm2-price_origin-Edge3-Edge7-LMerg18-SpecialI77_92,-1.0
lstm2,93,lstm2-price_origin-LMerg1-SpecialI9_93,-1.0
lstm2,94,lstm2-price_origin-LMerg20-MDtype35_94,-1.0
lstm2,95,lstm2-price_origin-Edge3-MDtype24-MDims65_95,-1.0
lstm2,96,lstm2-price_origin-MParam0-MParam2-MDims12-MParam71_96,-1.0
lstm2,97,lstm2-price_origin-LMerg20_97,-1.0
lstm2,98,lstm2-price_origin-Edge3-SpecialI6-MParam91_98,-1.0
lstm2,99,lstm2-price_origin-LMerg1-NLAll60_99,-1.0
lstm2,100,lstm2-price_origin-MDims4-MShape26_100,-1.0
lstm2,101,lstm2-price_origin-LMerg1-NLAll60-MDims63-MShape80_101,-1.0
lenet5_mnist,1,lenet5-mnist_origin-LMerg17-NLAll28_1,-1.0
lenet5_mnist,2,lenet5-mnist_origin-MDtype0-MDims1-SpecialI5-MParam6_2,5.584509210621036e-07
lenet5_mnist,3,lenet5-mnist_origin-LMerg17-MParam31_3,5.584509210621036e-07
lenet5_mnist,4,lenet5-mnist_origin-MDtype0-MDims1-MParam2-Edge3-MDtype12_4,2.497681244051364e-07
lenet5_mnist,5,lenet5-mnist_origin-MDtype0-MDims1-SpecialI5-MParam6-MDims35_5,0.0
lenet5_mnist,6,lenet5-mnist_origin-LMerg17-MParam31-Edge73_6,0.0
lenet5_mnist,7,lenet5-mnist_origin-LMerg17-MParam31-MDtype64_7,0.0
lenet5_mnist,8,lenet5-mnist_origin-LMerg17-NLAll28-MDtype93_8,0.0
lenet5_mnist,9,lenet5-mnist_origin-MDtype0-Edge4-LMerg51_9,2.809598598219054e-07
lenet5_mnist,10,lenet5-mnist_origin-MDtype0-Edge4-LMerg51-NLAll59-MDtype88_10,1.999992491619196e-07
lenet5_mnist,11,lenet5-mnist_origin-MDtype0-MDims1-MParam2-Edge3-MDims7-NLAll84_11,1.143218426591375e-07
lenet5_mnist,12,lenet5-mnist_origin-MDtype0-MDims1-SpecialI5-MParam6-MParam30-MDtype55_12,1.143218426591375e-07
lenet5_mnist,13,lenet5-mnist_origin-MDtype0-Edge4-LMerg51-NLAll59-LMerg79_13,2.118174045051546e-07
lenet5_mnist,14,lenet5-mnist_origin-MDtype0-MDims1-MParam2-NLAll97_14,2.118174045051546e-07
lenet5_mnist,15,lenet5-mnist_origin-MDtype0-MDims1-MParam85_15,1.530614390787832e-07
lenet5_mnist,16,lenet5-mnist_origin-MDtype0-MDims1-SpecialI5-MShape15-MParam21-MDtype43_16,1.530614390787832e-07
lenet5_mnist,17,lenet5-mnist_origin-MDtype0-Edge33_17,2.430075127790587e-07
lenet5_mnist,18,lenet5-mnist_origin-MDtype0-MDims1-MParam2-Edge3-MDims7-NLAll50-MDims52-NLAll76-MParam89_18,2.430075127790587e-07
lenet5_mnist,19,lenet5-mnist_origin-MDtype0-MDims1-MParam2-LMerg9-LMerg16_19,2.68721045415532e-07
lenet5_mnist,20,lenet5-mnist_origin-MDtype0-Edge4-MDtype53_20,2.175854767472174e-07
lenet5_mnist,21,lenet5-mnist_origin-MDtype0-MDims1-LMerg11_21,1.908096756153554e-07
lenet5_mnist,22,lenet5-mnist_origin-MDtype0-MDims1-MParam2-Edge3-MDims7-NLAll19_22,2.232017024539346e-07
lenet5_mnist,23,lenet5-mnist_origin-MDtype0-MDims1-MParam2-Edge3-NLAll38-MParam70_23,1.444596477995219e-07
lenet5_mnist,24,lenet5-mnist_origin-MDtype0-MDims1-MParam2-Edge3-MDtype12-MParam18-LMerg20_24,4.724723012827781e-07
lenet5_mnist,25,lenet5-mnist_origin-MDtype0-MDims1-MDims10-MShape13_25,8.537464069036105e-07
lenet5_mnist,26,lenet5-mnist_origin-MDtype0-Edge4-LMerg51-NLAll59_26,3.622509403555796e-07
lenet5_mnist,27,lenet5-mnist_origin-MDtype0-MDims1-SpecialI5-MParam6-MParam30_27,3.622509403555796e-07
lenet5_mnist,28,lenet5-mnist_origin-MDtype0-MDims1-MParam2-Edge3-MDims7-NLAll65-MParam78-MDims81_28,3.622509403555796e-07
lenet5_mnist,29,lenet5-mnist_origin-MDtype0-MDims1-MParam2-Edge3-MDims7-NLAll50-MDims52-NLAll76_29,3.622509403555796e-07
lenet5_mnist,30,lenet5-mnist_origin-LMerg17-MDims37_30,3.622509403555796e-07
lenet5_mnist,31,lenet5-mnist_origin-MDtype0-MDims1-MParam2-Edge3-NLAll38-MShape98_31,1.896361574438288e-07
lenet5_mnist,32,lenet5-mnist_origin-MDtype0-MDims1-SpecialI5-MShape15-MParam21-Edge49_32,1.896361574438288e-07
lenet5_mnist,33,lenet5-mnist_origin-MDtype0-MDtype75_33,7.592998963446007e-05
lenet5_mnist,34,lenet5-mnist_origin-MDtype0-MDims1-MParam2-LMerg9_34,2.039753184135407e-07
lenet5_mnist,35,lenet5-mnist_origin-MDtype0-MDims1-MParam2-Edge3-NLAll38_35,2.529872418222112e-07
lenet5_mnist,36,lenet5-mnist_origin-MDtype0-MDims1-MParam2-Edge3-MDims7-NLAll65-MDtype86_36,2.529872418222112e-07
lenet5_mnist,37,lenet5-mnist_origin-MDtype0-MDims1-MParam2-LMerg9-LMerg16-LMerg71-LMerg90_37,2.529872418222112e-07
lenet5_mnist,38,lenet5-mnist_origin-MDtype0-MDims1-MParam2-Edge3-MDims7-MParam45_38,2.529872418222112e-07
lenet5_mnist,39,lenet5-mnist_origin-MDtype0-MDims1-MParam2-Edge3-MDims7-LMerg83_39,1.655933346000893e-07
lenet5_mnist,40,lenet5-mnist_origin-MDtype0-MDims1-SpecialI5-MShape15-MParam25-MDtype26-MParam34_40,1.655933346000893e-07
lenet5_mnist,41,lenet5-mnist_origin-MDtype0-MDims1-SpecialI5-MShape15_41,1.655933346000893e-07
lenet5_mnist,42,lenet5-mnist_origin-MDtype0-MDims1-LMerg11-LMerg72_42,0.0
lenet5_mnist,43,lenet5-mnist_origin-LMerg27-MShape82_43,5.786592893741727e-07
lenet5_mnist,44,lenet5-mnist_origin-LMerg17-MParam31-MDims60_44,5.786592893741727e-07
lenet5_mnist,45,lenet5-mnist_origin-MDtype0-MDims1-SpecialI5-MShape15-MParam21-Edge40_45,5.786592893741727e-07
lenet5_mnist,46,lenet5-mnist_origin-MDtype0-MDims1-SpecialI5-MShape15-NLAll57_46,5.786592893741727e-07
lenet5_mnist,47,lenet5-mnist_origin-MDtype0-MDims1-SpecialI5-MParam6-MParam30-MParam44_47,5.786592893741727e-07
lenet5_mnist,48,lenet5-mnist_origin-MParam22-MShape29_48,5.676031236134804e-07
lenet5_mnist,49,lenet5-mnist_origin-MDtype0-MDims1-NLAll47_49,5.676031236134804e-07
lenet5_mnist,50,lenet5-mnist_origin-LMerg27_50,4.151243189198794e-07
lenet5_mnist,51,lenet5-mnist_origin-MDtype0-MDims1-MParam2-LMerg9-LMerg94_51,1.104385454198109e-07
lenet5_mnist,52,lenet5-mnist_origin-LMerg27-LMerg77_52,1.05086879642613e-07
lenet5_mnist,53,lenet5-mnist_origin-MDtype0-MDims1-LMerg11-MDims54_53,2.592047394500696e-07
lenet5_mnist,54,lenet5-mnist_origin-MDtype0-MDims1-MParam2_54,2.795083666740084e-07
lenet5_mnist,55,lenet5-mnist_origin_55,2.760860873252113e-07
lenet5_mnist,56,lenet5-mnist_origin-MDtype0-MDims1-SpecialI5-MShape15-MParam25-MDtype26-MParam34-MDims41_56,2.760860873252113e-07
lenet5_mnist,57,lenet5-mnist_origin-MDtype0-MDims1-MParam2-Edge3-MDtype12-MParam18-LMerg20-LMerg87_57,2.416812385774847e-07
lenet5_mnist,58,lenet5-mnist_origin-MDims8-LMerg14-NLAll58_58,2.416812385774847e-07
lenet5_mnist,59,lenet5-mnist_origin-MDims8_59,3.176875686961012e-07
lenet5_mnist,60,lenet5-mnist_origin-MDtype0-MDims1-MParam2-Edge3-MDims7-MParam45-MDtype48_60,3.772107106669864e-07
lenet5_mnist,61,lenet5-mnist_origin-MDtype0-MDims1-MParam2-Edge3-MDtype12-MParam18_61,2.004645587305731e-07
lenet5_mnist,62,lenet5-mnist_origin-MDtype0-MDims1-SpecialI5-MShape15-MParam25_62,2.004645587305731e-07
lenet5_mnist,63,lenet5-mnist_origin-MDtype0-MDims1-SpecialI5-MShape15-MParam25-MDtype26-MParam34-MParam80_63,2.004645587305731e-07
lenet5_mnist,64,lenet5-mnist_origin-MDtype0-MDims1-MParam2-Edge3-MDtype12-MParam18-LMerg92_64,2.004645587305731e-07
lenet5_mnist,65,lenet5-mnist_origin-MDtype0-MDims1-MDims10-MShape13-Edge61_65,9.709736303875616e-08
lenet5_mnist,66,lenet5-mnist_origin-MDtype0-MDims1_66,2.066883872942071e-07
lenet5_mnist,67,lenet5-mnist_origin-MDtype0-MDims1-SpecialI5-MShape15-MParam25-MDtype26_67,2.066883872942071e-07
lenet5_mnist,68,lenet5-mnist_origin-MDtype0_68,3.049362824469881e-07
lenet5_mnist,69,lenet5-mnist_origin-MDtype0-Edge4_69,2.019197644642645e-07
lenet5_mnist,70,lenet5-mnist_origin-MDtype0-MDims1-MParam2-Edge3-MDims7_70,2.234508045262373e-07
lenet5_mnist,71,lenet5-mnist_origin-MDtype0-MDims1-SpecialI5-MParam6-MParam30-MDtype46-Edge74_71,2.234508045262373e-07
lenet5_mnist,72,lenet5-mnist_origin-MDtype0-MDims1-MParam2-Edge3-MDims7-NLAll50-MDims52-NLAll76-MParam89-NLAll95_72,2.234508045262373e-07
lenet5_mnist,73,lenet5-mnist_origin-MDtype0-MDims1-MParam2-Edge3-MDims7-NLAll65-MParam78_73,2.234508045262373e-07
lenet5_mnist,74,lenet5-mnist_origin-MDtype0-MDims1-MParam2-Edge3-MDims7-NLAll50-MDims52_74,2.234508045262373e-07
lenet5_mnist,75,lenet5-mnist_origin-MDtype0-MDims1-SpecialI5_75,0.0
lenet5_mnist,76,lenet5-mnist_origin-MDtype0-MDims1-SpecialI5-MShape15-MParam21_76,0.0
lenet5_mnist,77,lenet5-mnist_origin-MParam22_77,2.378459811325229e-07
lenet5_mnist,78,lenet5-mnist_origin-LMerg17_78,2.378459811325229e-07
lenet5_mnist,79,lenet5-mnist_origin-MDims8-LMerg14_79,2.378459811325229e-07
lenet5_mnist,80,lenet5-mnist_origin-MDtype0-MDims1-SpecialI5-MShape15-MParam25-MDtype26-MParam34-SpecialI42_80,2.378459811325229e-07
lenet5_mnist,81,lenet5-mnist_origin-MDtype0-MDims1-MParam2-Edge3-MDims7-NLAll50-MDims52-NLAll76-MDtype91_81,2.378459811325229e-07
lenet5_mnist,82,lenet5-mnist_origin-MDtype0-MDims1-MParam2-Edge3-MDims7-NLAll65_82,2.378459811325229e-07
lenet5_mnist,83,lenet5-mnist_origin-MDtype0-MDims1-MDims10_83,3.695348098631257e-07
lenet5_mnist,84,lenet5-mnist_origin-MDtype0-MDims1-MParam2-Edge3_84,1.275345411499984e-07
lenet5_mnist,85,lenet5-mnist_origin-MDtype0-MDims1-MParam2-LMerg9-NLAll63-NLAll66_85,1.275345411499984e-07
lenet5_mnist,86,lenet5-mnist_origin-LMerg17-NLAll28-MDtype93-NLAll96_86,1.275345411499984e-07
lenet5_mnist,87,lenet5-mnist_origin-LMerg27-MShape68_87,1.056293012169363e-06
lenet5_mnist,88,lenet5-mnist_origin-MParam22-MParam67_88,2.776055261222155e-07
lenet5_mnist,89,lenet5-mnist_origin-MDtype0-MDims1-MParam2-Edge3-MDims7-NLAll50_89,2.776055261222155e-07
lenet5_mnist,90,lenet5-mnist_origin-LMerg17-NLAll28-SpecialI39_90,2.776055261222155e-07
lenet5_mnist,91,lenet5-mnist_origin-MDtype0-MDims1-MParam2-LMerg9-NLAll63-MDtype69_91,8.383781242571331e-07
lenet5_mnist,92,lenet5-mnist_origin-MDtype0-MDims1-MParam2-Edge3-MDims7-MParam45-MDims56_92,1.199014576513946e-07
lenet5_mnist,93,lenet5-mnist_origin-MDtype0-MDims1-MParam2-Edge3-MDtype12-MParam18-MDtype23_93,2.625972328473836e-07
lenet5_mnist,94,lenet5-mnist_origin-MDtype0-MDims1-MParam2-LMerg9-NLAll63_94,4.753026452419817e-07
lenet5_mnist,95,lenet5-mnist_origin-MDtype0-MDims1-MParam2-LMerg9-LMerg16-LMerg71_95,3.901274325812665e-07
lenet5_mnist,96,lenet5-mnist_origin-MDtype0-MDims1-SpecialI5-MParam6-MParam30-MDtype46_96,3.901274325812665e-07
lstm0,1,lstm0-sinewave_origin-MParam0-MShape11-SpecialI12-MParam15-NLAll33_1,-1.0
lstm0,2,lstm0-sinewave_origin-MParam0-MShape11-SpecialI12-MShape20-MDims22-SpecialI59_2,-1.0
lstm0,3,lstm0-sinewave_origin-MParam0-MParam5-Edge82_3,-1.0
lstm0,4,lstm0-sinewave_origin-MParam0-MParam3_4,-1.0
lstm0,5,lstm0-sinewave_origin-MParam0-NLAll25-LMerg47_5,-1.0
lstm0,6,lstm0-sinewave_origin-MParam0-MParam3-MParam16-SpecialI43_6,-1.0
lstm0,7,lstm0-sinewave_origin-MParam0-MParam3-Edge4-Edge13-MParam37_7,-1.0
lstm0,8,lstm0-sinewave_origin-MParam0-MShape11-SpecialI12-Edge29_8,-1.0
lstm0,9,lstm0-sinewave_origin-MParam0-MParam3-Edge4-Edge13-MParam17-MParam30_9,-1.0
lstm0,10,lstm0-sinewave_origin-MParam0-MParam5-MParam14-NLAll48-MParam68-NLAll76_10,-1.0
lstm0,11,lstm0-sinewave_origin-MParam0-MDtype6-MDims18-LMerg27_11,-1.0
lstm0,12,lstm0-sinewave_origin-MParam0-MParam5_12,-1.0
lstm0,13,lstm0-sinewave_origin-MParam0-MDtype6-MDims18-LMerg27-MShape60_13,-1.0
lstm0,14,lstm0-sinewave_origin-MParam0-NLAll25-MParam51-Edge72_14,-1.0
lstm0,15,lstm0-sinewave_origin-MParam1_15,-1.0
lstm0,16,lstm0-sinewave_origin-MParam0-MParam5-NLAll26_16,-1.0
lstm0,17,lstm0-sinewave_origin-MParam0-MParam3-Edge4-Edge13-LMerg34-SpecialI50_17,-1.0
lstm0,18,lstm0-sinewave_origin-MParam0-MShape11-SpecialI12-NLAll69_18,-1.0
lstm0,19,lstm0-sinewave_origin-MParam0-MDtype6-MDims18-Edge70_19,-1.0
lstm0,20,lstm0-sinewave_origin_20,-1.0
lstm0,21,lstm0-sinewave_origin-MParam0-MShape11-SpecialI12-MShape20-MDims22-LMerg32-LMerg49_21,-1.0
lstm0,22,lstm0-sinewave_origin-MParam0-MShape11-SpecialI12-MShape20-MDims22-LMerg32-MParam66-Edge88_22,-1.0
lstm0,23,lstm0-sinewave_origin-MParam0-MShape11-SpecialI12-MParam15-NLAll33-MParam54-MShape87_23,-1.0
lstm0,24,lstm0-sinewave_origin-MParam0-MParam3-MParam16_24,-1.0
lstm0,25,lstm0-sinewave_origin-MParam0-NLAll25-MParam51_25,-1.0
lstm0,26,lstm0-sinewave_origin-MParam0-MShape11-MDims53_26,-1.0
lstm0,27,lstm0-sinewave_origin-MParam0-MDtype6-MShape91_27,-1.0
lstm0,28,lstm0-sinewave_origin-NLAll21-MParam23-Edge92_28,-1.0
lstm0,29,lstm0-sinewave_origin-MParam0-MDtype6-MShape9-MParam31-MShape71_29,-1.0
lstm0,30,lstm0-sinewave_origin-MParam0-MShape11-SpecialI12-MShape20-MDims22-LMerg32-MParam66_30,-1.0
lstm0,31,lstm0-sinewave_origin-MParam0-MParam3-Edge4-Edge13-MParam17-MParam30-NLAll45_31,-1.0
lstm0,32,lstm0-sinewave_origin-MParam0-NLAll25_32,-1.0
lstm0,33,lstm0-sinewave_origin-MParam0_33,-1.0
lstm0,34,lstm0-sinewave_origin-MParam0-MShape11-SpecialI12-MShape20_34,-1.0
lstm0,35,lstm0-sinewave_origin-MParam0-MParam5-NLAll26-NLAll44-MShape67_35,-1.0
lstm0,36,lstm0-sinewave_origin-MParam0-MParam5-MParam14-NLAll48_36,-1.0
lstm0,37,lstm0-sinewave_origin-NLAll21-MParam23-Edge93_37,-1.0
lstm0,38,lstm0-sinewave_origin-MParam0-MParam5-MParam14-NLAll46-MParam57_38,-1.0
lstm0,39,lstm0-sinewave_origin-MParam0-MDtype6-MShape9-MParam31_39,-1.0
lstm0,40,lstm0-sinewave_origin-MParam0-MParam5-MParam14-Edge83_40,-1.0
lstm0,41,lstm0-sinewave_origin-MParam0-MShape11-SpecialI12-MParam15-NLAll33-MParam54-MShape87-MDims96_41,-1.0
lstm0,42,lstm0-sinewave_origin-MParam0-MParam3-Edge4-Edge13-MDims41_42,-1.0
lstm0,43,lstm0-sinewave_origin-MParam0-MShape11-SpecialI12-MParam15_43,-1.0
lstm0,44,lstm0-sinewave_origin-MParam0-MShape11-SpecialI12-MShape20-MDims22-MDtype75_44,-1.0
lstm0,45,lstm0-sinewave_origin-MParam0-MParam5-MParam14_45,-1.0
lstm0,46,lstm0-sinewave_origin-MParam0-MParam3-Edge4-Edge13-SpecialI42_46,-1.0
lstm0,47,lstm0-sinewave_origin-MParam1-SpecialI52_47,-1.0
lstm0,48,lstm0-sinewave_origin-NLAll21_48,-1.0
lstm0,49,lstm0-sinewave_origin-MParam0-MDtype6_49,-1.0
lstm0,50,lstm0-sinewave_origin-MParam0-MShape11-SpecialI12-MParam15-NLAll33-MParam54_50,-1.0
lstm0,51,lstm0-sinewave_origin-MParam0-MShape11-SpecialI12-MShape20-MDims63_51,-1.0
lstm0,52,lstm0-sinewave_origin-MParam0-MDtype6-MShape9-MDims65_52,-1.0
lstm0,53,lstm0-sinewave_origin-MParam0-MParam3-MParam16-MParam28_53,-1.0
lstm0,54,lstm0-sinewave_origin-MParam0-MParam3-Edge4-Edge13-MParam17-NLAll19-MParam35_54,-1.0
lstm0,55,lstm0-sinewave_origin-MParam0-MParam3-Edge4-Edge13-LMerg34_55,-1.0
lstm0,56,lstm0-sinewave_origin-MParam0-MParam5-MParam14-Edge36_56,-1.0
lstm0,57,lstm0-sinewave_origin-MParam0-MShape11-SpecialI12-MShape20-MDims22-LMerg32-MParam58_57,-1.0
lstm0,58,lstm0-sinewave_origin-MParam0-MDtype6-MShape9_58,-1.0
lstm0,59,lstm0-sinewave_origin-MParam0-MParam3-Edge4-Edge13-MParam17-NLAll19_59,-1.0
lstm0,60,lstm0-sinewave_origin-MParam0-MDtype6-MShape9-MParam31-NLAll81_60,-1.0
lstm0,61,lstm0-sinewave_origin-MParam0-NLAll25-MParam51-MDims97_61,-1.0
lstm0,62,lstm0-sinewave_origin-MParam0-MParam3-Edge4-Edge13-MShape95_62,-1.0
lstm0,63,lstm0-sinewave_origin-MParam0-MDtype6-MParam78_63,-1.0
lstm0,64,lstm0-sinewave_origin-MParam1-LMerg39_64,-1.0
lstm0,65,lstm0-sinewave_origin-MParam0-MDtype6-MDtype7_65,-1.0
lstm0,66,lstm0-sinewave_origin-MParam0-MParam5-MParam14-NLAll48-MParam68_66,-1.0
lstm0,67,lstm0-sinewave_origin-MDtype8_67,-1.0
lstm0,68,lstm0-sinewave_origin-MParam0-MParam5-NLAll26-MParam84_68,-1.0
lstm0,69,lstm0-sinewave_origin-MParam0-MShape11-SpecialI12-NLAll69-MShape86_69,-1.0
lstm0,70,lstm0-sinewave_origin-MParam0-MShape11-SpecialI12-MShape20-MDims22-LMerg32_70,-1.0
lstm0,71,lstm0-sinewave_origin-NLAll21-Edge74_71,-1.0
lstm0,72,lstm0-sinewave_origin-MParam0-MParam3-Edge4-Edge13_72,-1.0
lstm0,73,lstm0-sinewave_origin-MParam0-MShape11_73,-1.0
lstm0,74,lstm0-sinewave_origin-MParam0-MParam5-MParam14-NLAll46_74,-1.0
lstm0,75,lstm0-sinewave_origin-MParam0-MParam5-NLAll26-MParam55_75,-1.0
lstm0,76,lstm0-sinewave_origin-MParam0-MParam5-NLAll26-MParam84-Edge85_76,-1.0
lstm0,77,lstm0-sinewave_origin-MParam0-MShape11-SpecialI12_77,-1.0
lstm0,78,lstm0-sinewave_origin-MParam1-MParam64_78,-1.0
lstm0,79,lstm0-sinewave_origin-MParam0-MParam3-Edge4-Edge13-MParam17-MDims24-MDtype62_79,-1.0
lstm0,80,lstm0-sinewave_origin-NLAll21-MParam23-Edge92-NLAll99_80,-1.0
lstm0,81,lstm0-sinewave_origin-MParam0-MParam5-NLAll26-NLAll44-LMerg77_81,-1.0
lstm0,82,lstm0-sinewave_origin-MParam0-MShape11-SpecialI12-MShape20-MDims22-MDtype75-NLAll79_82,-1.0
lstm0,83,lstm0-sinewave_origin-MParam0-MShape11-SpecialI12-MParam15-NLAll33-MParam54-MShape87-MDims96-MDims98_83,-1.0
lstm0,84,lstm0-sinewave_origin-MParam0-MShape11-SpecialI12-MShape20-MDims22_84,-1.0
lstm0,85,lstm0-sinewave_origin-MParam0-MShape11-SpecialI12-MShape20-MDims22-LMerg32-LMerg49-MShape90_85,-1.0
lstm0,86,lstm0-sinewave_origin-MParam0-MParam3-Edge4_86,-1.0
lstm0,87,lstm0-sinewave_origin-MParam0-MParam5-NLAll26-NLAll44_87,-1.0
lstm0,88,lstm0-sinewave_origin-MParam0-MParam3-MParam16-MParam28-MParam61_88,-1.0
lstm0,89,lstm0-sinewave_origin-MParam1-SpecialI2_89,-1.0
lstm0,90,lstm0-sinewave_origin-NLAll21-MParam23_90,-1.0
lstm0,91,lstm0-sinewave_origin-MParam1-LMerg10_91,-1.0
lstm0,92,lstm0-sinewave_origin-NLAll21-MParam23-MParam89_92,-1.0
lstm0,93,lstm0-sinewave_origin-MParam0-MParam3-Edge4-Edge13-MParam17-MDims24_93,-1.0
lstm0,94,lstm0-sinewave_origin-MParam0-MDtype6-MDims18_94,-1.0
lstm0,95,lstm0-sinewave_origin-MParam0-MParam3-Edge4-Edge13-MParam17-MParam30-NLAll45-LMerg56_95,-1.0
lstm0,96,lstm0-sinewave_origin-MParam0-MParam5-MParam14-NLAll48-MParam68-MShape94_96,-1.0
lstm0,97,lstm0-sinewave_origin-MParam0-MShape40_97,-1.0
lstm0,98,lstm0-sinewave_origin-MParam0-MParam3-Edge4-Edge13-LMerg34-MDtype80_98,-1.0
lstm0,99,lstm0-sinewave_origin-MParam0-MParam3-Edge4-Edge13-NLAll38_99,-1.0
lstm0,100,lstm0-sinewave_origin-MParam0-MParam3-Edge4-Edge13-MParam17_100,-1.0
lstm0,101,lstm0-sinewave_origin-MParam0-MShape11-SpecialI12-MShape20-MDims22-LMerg32-NLAll73_101,-1.0
ALL,1,resnet50-imagenet_origin-Edge14-MDtype27-LMerg45_1,1.934115469455719
ALL,2,vgg16-imagenet_origin-NLAll44-MParam83_2,1.934115469455719
ALL,3,vgg16-imagenet_origin-NLAll44_3,1.934115469455719
ALL,4,lstm2-price_origin-Edge8_4,1.934115469455719
ALL,5,inception.v3-imagenet_origin-LMerg19_5,0.001993570025661029
ALL,6,lstm2-price_origin_6,0.001993570025661029
ALL,7,lstm0-sinewave_origin-LMerg18-NLAll39-NLAll67_7,0.001993570025661029
ALL,8,alexnet-cifar10_origin-MDims16_8,0.1382236611098051
ALL,9,xception-imagenet_origin-MParam15-MDtype23-MDtype25-LMerg37-Edge59_9,0.1382236611098051
ALL,10,lenet5-fashion-mnist_origin-MDtype1-NLAll17_10,0.1382236611098051
ALL,11,lstm0-sinewave_origin-LMerg18-NLAll39-MDims96_11,0.1382236611098051
ALL,12,alexnet-cifar10_origin-MDims6-LMerg36_12,0.1382236611098051
ALL,13,lstm2-price_origin-MShape7_13,0.1382236611098051
ALL,14,xception-imagenet_origin-Edge13_14,8.714785814285278
ALL,15,inception.v3-imagenet_origin-LMerg19-MParam68_15,8.714785814285278
ALL,16,alexnet-cifar10_origin-MDims16-Edge34_16,8.734268963336945
ALL,17,alexnet-cifar10_origin-MDtype56_17,0.2636848161928356
ALL,18,alexnet-cifar10_origin-MDims6-LMerg79_18,0.1447410217951983
ALL,19,alexnet-cifar10_origin-MDims6_19,0.09072522958740592
ALL,20,alexnet-cifar10_origin-MDtype11-MParam20-MDtype65_20,4.635346919298172
ALL,21,xception-imagenet_origin-MParam15-MDtype23-MDtype25-Edge60_21,9.230405747890472
ALL,22,lenet5-fashion-mnist_origin-MDtype1-NLAll17-MDims46-MDtype78_22,9.230405747890472
ALL,23,densenet121-imagenet_origin-Edge21_23,7.652586221694946
ALL,24,vgg16-imagenet_origin-NLAll53-MParam86-MDtype91_24,7.652586221694946
ALL,25,xception-imagenet_origin-MParam15-MDtype23_25,0.08070874027907848
ALL,26,alexnet-cifar10_origin-MDtype11-MParam64_26,0.08070874027907848
ALL,27,resnet50-imagenet_origin-MDims24-MDtype57-MParam88_27,0.0
ALL,28,lstm2-price_origin-MShape7-MParam70_28,0.0
ALL,29,alexnet-cifar10_origin-MDtype11-MParam20_29,0.0
ALL,30,resnet50-imagenet_origin_30,0.0
ALL,31,resnet50-imagenet_origin-MDims24-MDtype57_31,0.0
ALL,32,lstm0-sinewave_origin_32,0.0
ALL,33,vgg16-imagenet_origin_33,1.520596704551735e-06
ALL,34,resnet50-imagenet_origin-Edge14_34,0.02980198834120529
ALL,35,lstm0-sinewave_origin-LMerg18-MDims26_35,0.02980198834120529
ALL,36,resnet50-imagenet_origin-Edge14-MDtype42-NLAll75_36,0.02980198834120529
ALL,37,lenet5-mnist_origin_37,2.705461881191695e-07
ALL,38,inception.v3-imagenet_origin-SpecialI2-SpecialI9_38,
ALL,39,xception-imagenet_origin-NLAll5-MDtype33_39,
ALL,40,resnet50-imagenet_origin-Edge14-MDtype27-MParam58-NLAll82_40,
ALL,41,inception.v3-imagenet_origin-LMerg19-MDims66_41,0.004039896593894809
ALL,42,inception.v3-imagenet_origin-SpecialI2-NLAll12-MDims48-LMerg50_42,
ALL,43,lstm0-sinewave_origin-LMerg18-MShape22_43,
ALL,44,inception.v3-imagenet_origin-SpecialI2-NLAll12_44,
ALL,45,mobilenet-imagenet_origin-NLAll62-NLAll80_45,
ALL,46,lenet5-fashion-mnist_origin-MDtype1_46,
ALL,47,inception.v3-imagenet_origin-SpecialI2_47,
ALL,48,lstm2-price_origin-Edge8-MShape30_48,
ALL,49,lstm2-price_origin-MShape7-MDims55_49,
ALL,50,resnet50-imagenet_origin-Edge14-MDtype42_50,
ALL,51,alexnet-cifar10_origin-MDims6-Edge54_51,7.450336217880249
ALL,52,densenet121-imagenet_origin-Edge21-NLAll74_52,7.450336217880249
ALL,53,lstm0-sinewave_origin-MDims97_53,7.450336217880249
ALL,54,xception-imagenet_origin-Edge13-MDtype32_54,8.523212909698486
ALL,55,resnet50-imagenet_origin-Edge14-MDtype27_55,3.179559260606766
ALL,56,alexnet-cifar10_origin_56,0.06425803888123482
ALL,57,alexnet-cifar10_origin-MDtype11-MParam72_57,0.06425803888123482
ALL,58,lstm0-sinewave_origin-LMerg28_58,0.06425803888123482
ALL,59,mobilenet-imagenet_origin_59,6.156100340604098e-08
ALL,60,resnet50-imagenet_origin-MParam0-LMerg38_60,0.0002263562889552873
ALL,61,resnet50-imagenet_origin-MParam0_61,6.306943056699765e-07
ALL,62,vgg16-imagenet_origin-NLAll53-MParam86_62,6.306943056699765e-07
ALL,63,inception.v3-imagenet_origin-NLAll52_63,6.306943056699765e-07
ALL,64,resnet50-imagenet_origin-MDims24_64,0.0673806531704031
ALL,65,lstm0-sinewave_origin-Edge10_65,0.0673806531704031
ALL,66,xception-imagenet_origin-MParam15-MDtype23-MDtype25-LMerg37_66,0.0673806531704031
ALL,67,resnet50-imagenet_origin-Edge14-MDtype27-NLAll51_67,0.0673806531704031
ALL,68,vgg16-imagenet_origin-NLAll53_68,0.0673806531704031
ALL,69,lstm2-price_origin-MShape7-MParam70-NLAll85-MDtype89-Edge93_69,0.0673806531704031
ALL,70,lstm2-price_origin-MShape7-MParam70-NLAll85_70,0.0673806531704031
ALL,71,lstm0-sinewave_origin-Edge10-NLAll49_71,0.0673806531704031
ALL,72,lenet5-fashion-mnist_origin-MDtype1-NLAll17-MDims46-MDtype47_72,0.0673806531704031
ALL,73,lenet5-fashion-mnist_origin-MDtype1-MParam41-MDims95_73,0.0673806531704031
ALL,74,densenet121-imagenet_origin_74,0.4021195881068707
ALL,75,lstm2-price_origin-MShape7-MParam70-NLAll81_75,0.4021195881068707
ALL,76,inception.v3-imagenet_origin_76,4.765401229178678e-07
ALL,77,resnet50-imagenet_origin-Edge14-MDtype27-MParam58_77,3.167970508337021
ALL,78,lenet5-fashion-mnist_origin-MParam71_78,3.524611500438368e-07
ALL,79,xception-imagenet_origin-MParam87_79,0.03642161248717457
ALL,80,lstm0-sinewave_origin-SpecialI3_80,0.03642161248717457
ALL,81,lstm2-price_origin-Edge8-MDtype31_81,0.03642161248717457
ALL,82,resnet50-imagenet_origin-MDims24-MDtype57-NLAll61_82,0.03642161248717457
ALL,83,lstm2-price_origin-MParam40_83,0.03642161248717457
ALL,84,resnet50-imagenet_origin-MParam63_84,0.0
ALL,85,lenet5-fashion-mnist_origin-MDtype1-NLAll17-MDims46_85,0.0
ALL,86,xception-imagenet_origin-MParam15-MDtype23-MDtype25-Edge60-MDtype76_86,0.0
ALL,87,lstm0-sinewave_origin-LMerg18-MParam98_87,0.0
ALL,88,lenet5-fashion-mnist_origin_88,3.362669680484487e-07
ALL,89,resnet50-imagenet_origin-Edge92_89,0.000605042576012238
ALL,90,lstm0-sinewave_origin-LMerg18_90,0.000605042576012238
ALL,91,xception-imagenet_origin-MParam15-MDtype23-MDtype25_91,0.2481408696621656
ALL,92,vgg19-imagenet_origin_92,3.508928223538987e-07
ALL,93,mobilenet-imagenet_origin-NLAll62_93,3.508928223538987e-07
ALL,94,alexnet-cifar10_origin-MDims16-Edge34-MParam35_94,6.901808559894562
ALL,95,inception.v3-imagenet_origin-SpecialI2-NLAll12-MShape43_95,
ALL,96,inception.v3-imagenet_origin-SpecialI2-LMerg69_96,
ALL,97,alexnet-cifar10_origin-MDtype11_97,
ALL,98,lstm0-sinewave_origin-LMerg18-NLAll39_98,
ALL,99,xception-imagenet_origin-MParam15-MDtype23-MDtype25-LMerg37-NLAll77_99,
ALL,100,vgg16-imagenet_origin-NLAll53-MParam86-MDtype91-MDtype99_100,
ALL,101,xception-imagenet_origin_101,0.1918016690760851
ALL,102,lenet5-fashion-mnist_origin-MDtype4_102,4.584799135898265e-07
ALL,103,lstm2-price_origin-MShape7-MParam70-NLAll85-MDtype89-MDtype94_103,4.584799135898265e-07
ALL,104,xception-imagenet_origin-NLAll5_104,4.584799135898265e-07
ALL,105,lenet5-fashion-mnist_origin-MDtype1-MParam41_105,4.584799135898265e-07
ALL,106,inception.v3-imagenet_origin-SpecialI2-NLAll12-MDims48_106,
ALL,107,resnet50-imagenet_origin-MDims24-MParam29_107,0.0
ALL,108,xception-imagenet_origin-MParam15_108,0.2503509167581797
ALL,109,resnet50-imagenet_origin-MDims24-MParam90_109,0.0
ALL,110,resnet50-imagenet_origin-MParam63-MParam73_110,0.0
ALL,111,lstm2-price_origin-MShape7-MParam70-NLAll85-MDtype89_111,0.0
