URL,volunteer_1,volunteer_2,volunteer_3,volunteer_4,volunteer_5,volunteer_6,Final_label
https://github.com/pytorch/pytorch/issues/93880,A4,B1,A4,A4,A4,A4,A4
https://github.com/pytorch/pytorch/issues/36035,C1,B3,C1,C1,C1,C1,C1
https://github.com/pytorch/pytorch/issues/56747,A4,C1,C1,C1,A4,C1,C1
https://github.com/pytorch/pytorch/issues/37377,A3,A3,A3,A3,A2,A3,A3
https://github.com/pytorch/pytorch/issues/78915,F2,A4,F2,G2,G2,F2,F2
https://github.com/pytorch/pytorch/issues/41508,E2,E2,E2,E2,E2,G4,E2
https://github.com/pytorch/pytorch/issues/78044,C1,A4,C1,C1,A4,C1,C1
https://github.com/pytorch/pytorch/issues/81760,A1,G3,A1,A1,G3,A1,A1
https://github.com/pytorch/pytorch/issues/67864,G2,G2,G2,G1,G2,G2,G2
https://github.com/pytorch/pytorch/issues/33288,A1,A1,G3,G2,G2,A1,A1
https://github.com/pytorch/pytorch/issues/54087,C2,C1,G4,C1,G4,C2,C2
https://github.com/pytorch/pytorch/issues/75240,G5,F1,F1,F1,F1,F1,F1
https://github.com/pytorch/pytorch/issues/59998,C2,E1,C1,G1,G1,C1,C1
https://github.com/pytorch/pytorch/issues/72045,G2,A1,A1,A1,A1,A1,A1
https://github.com/pytorch/pytorch/issues/51080,B1,A3,A3,A3,A3,A3,A3
https://github.com/pytorch/pytorch/issues/90448,C2,G1,G4,C1,G4,C2,C2
https://github.com/pytorch/pytorch/issues/38122,C2,C2,C2,C2,B2,F2,C2
https://github.com/pytorch/pytorch/issues/68735,A4,A4,C1,A4,C1,A4,A4
https://github.com/pytorch/pytorch/issues/41661,G1,A3,A3,A3,A3,A3,A3
https://github.com/pytorch/pytorch/issues/48841,C2,C1,C1,C1,C1,C1,C1
https://github.com/pytorch/pytorch/issues/41486,B1,B1,B1,B1,B1,E3,B1
https://github.com/pytorch/pytorch/issues/34058,A3,C2,F1,C2,C2,C2,C2
https://github.com/pytorch/pytorch/issues/98140,G2,G2,C2,G2,G2,G2,G2
https://github.com/pytorch/pytorch/issues/36941,A1,A1,A1,A1,A1,C1,A1
https://github.com/pytorch/pytorch/issues/92311,F2,F2,F2,F2,C1,F2,F2
https://github.com/pytorch/pytorch/issues/55027,G2,G5,A4,A4,G2,G5,G2
https://github.com/pytorch/pytorch/issues/77527,B1,B1,B1,D1,B1,B1,B1
https://github.com/pytorch/pytorch/issues/36034,A3,F1,A3,A3,A3,C1,A3
https://github.com/pytorch/pytorch/issues/94772,C1,G5,C1,G2,G5,C1,C1
https://github.com/pytorch/pytorch/issues/80569,C2,C2,C2,G4,G4,C2,C2
https://github.com/pytorch/pytorch/issues/60158,G1,G3,B3,B3,B3,B3,B3
https://github.com/pytorch/pytorch/issues/100253,C2,G3,C2,G2,G3,G2,C2
https://github.com/pytorch/pytorch/issues/96755,F1,E3,E3,E3,F1,E3,E3
https://github.com/pytorch/pytorch/issues/39779,E1,A1,A1,B1,A1,A1,A1
https://github.com/pytorch/pytorch/issues/101397,C2,D2,C2,C2,G1,C2,C2
https://github.com/pytorch/pytorch/issues/65200,F2,F2,F2,G2,G2,F2,F2
https://github.com/pytorch/pytorch/issues/71613,C2,C2,C2,G4,C2,C2,C2
https://github.com/pytorch/pytorch/issues/52286,E1,C1,E1,E1,E1,E1,E1
https://github.com/pytorch/pytorch/issues/37449,B1,B1,B1,E3,B1,E3,B1
https://github.com/pytorch/pytorch/issues/54846,C1,C1,C1,C1,G5,C1,C1
https://github.com/pytorch/pytorch/issues/75619,C2,C2,G4,C2,G4,C2,C2
https://github.com/pytorch/pytorch/issues/75504,A4,G2,D1,A4,A4,A4,A4
https://github.com/pytorch/pytorch/issues/50042,F2,G5,F2,B3,F2,F2,F2
https://github.com/pytorch/pytorch/issues/36871,G5,F1,F1,C2,F1,F1,F1
https://github.com/pytorch/pytorch/issues/68407,D1,D1,G4,B1,G4,B1,D1
https://github.com/pytorch/pytorch/issues/32277,G5,G1,G5,C1,C1,G1,G5
https://github.com/pytorch/pytorch/issues/57459,B1,C1,C1,C1,C1,C1,C1
https://github.com/pytorch/pytorch/issues/70162,G3,A1,A1,A1,G2,A1,A1
https://github.com/pytorch/pytorch/issues/61920,B1,B1,A3,B1,B1,B1,B1
https://github.com/pytorch/pytorch/issues/92288,E3,E3,E3,G1,E3,E3,E3
https://github.com/pytorch/pytorch/issues/46983,C1,G1,C2,C2,G1,C1,C1
https://github.com/pytorch/pytorch/issues/31771,A1,C1,C1,C1,C1,C1,C1
https://github.com/pytorch/pytorch/issues/42239,G4,G4,G4,B2,G4,D1,G4
https://github.com/pytorch/pytorch/issues/37583,G1,G4,G4,G4,E2,G4,G4
https://github.com/pytorch/pytorch/issues/31758,D2,B1,B1,B1,B1,B1,B1
https://github.com/pytorch/pytorch/issues/47043,F1,C2,F1,F1,C2,F1,F1
https://github.com/pytorch/pytorch/issues/37022,A3,F2,A3,A3,A3,E3,A3
https://github.com/pytorch/pytorch/issues/36455,D1,D1,G4,D1,G4,D1,D1
https://github.com/pytorch/pytorch/issues/41865,E3,E1,E1,E3,E3,E3,E3
https://github.com/pytorch/pytorch/issues/70486,G4,G4,G4,G2,G2,G4,G4
https://github.com/pytorch/pytorch/issues/48049,B1,C1,B1,B1,B1,C1,B1
https://github.com/pytorch/pytorch/issues/88331,E2,E2,E2,F2,F2,E2,E2
https://github.com/pytorch/pytorch/issues/97041,G4,G1,G5,G1,G4,G1,G1
https://github.com/pytorch/pytorch/issues/32284,B1,B1,B1,G1,B1,B1,B1
https://github.com/pytorch/pytorch/issues/73187,B1,B1,B1,G4,G4,B1,B1
https://github.com/pytorch/pytorch/issues/36268,C2,G4,G4,G4,C2,G4,G4
https://github.com/pytorch/pytorch/issues/34431,A3,G4,G4,G1,A3,G4,G4
https://github.com/pytorch/pytorch/issues/52463,B1,B1,F2,G1,B1,B1,B1
https://github.com/pytorch/pytorch/issues/67239,F1,F1,C1,A1,F1,F1,F1
https://github.com/pytorch/pytorch/issues/88869,A3,A3,A3,A3,A3,G1,A3
https://github.com/pytorch/pytorch/issues/59517,A1,C2,A1,A1,A1,A1,A1
https://github.com/pytorch/pytorch/issues/77081,C2,F1,C2,C2,F1,C2,C2
https://github.com/pytorch/pytorch/issues/88659,E3,A1,A1,A1,A1,A1,A1
https://github.com/pytorch/pytorch/issues/58005,F2,F2,F2,B2,F2,F2,F2
https://github.com/pytorch/pytorch/issues/54752,C2,B1,B1,B1,B1,B1,B1
https://github.com/pytorch/pytorch/issues/36408,B1,B1,B1,B1,B2,B1,B1
https://github.com/pytorch/pytorch/issues/32860,B1,B1,G4,B1,A3,B1,B1
https://github.com/pytorch/pytorch/issues/81085,G3,G3,G3,G3,F1,G5,G3
https://github.com/pytorch/pytorch/issues/91165,B1,B1,E1,B1,B1,B1,B1
https://github.com/pytorch/pytorch/issues/43227,G4,G4,G4,G4,G4,B2,G4
https://github.com/pytorch/pytorch/issues/47900,A4,G3,C1,B1,G3,A4,A4
https://github.com/pytorch/pytorch/issues/66504,G4,G5,G4,G4,G5,G4,G4
https://github.com/pytorch/pytorch/issues/34294,C1,C1,D1,C1,C1,B3,C1
https://github.com/pytorch/pytorch/issues/87595,A4,A4,C1,G2,C1,G2,A4
https://github.com/pytorch/pytorch/issues/81185,F2,F2,F2,F2,F2,E2,F2
https://github.com/pytorch/pytorch/issues/59384,G1,G1,E2,G1,G1,G1,G1
https://github.com/pytorch/pytorch/issues/47112,A2,F2,F2,F2,F2,F2,F2
https://github.com/pytorch/pytorch/issues/32863,F2,F2,F2,F2,F2,G5,F2
https://github.com/pytorch/pytorch/issues/47116,A1,A1,A1,F1,D1,A1,A1
https://github.com/pytorch/pytorch/issues/33661,G5,G5,G5,G2,G2,G5,G5
https://github.com/pytorch/pytorch/issues/96937,G5,B1,B1,B1,B1,A2,B1
https://github.com/pytorch/pytorch/issues/97153,A1,A1,A1,G3,A1,A1,A1
https://github.com/pytorch/pytorch/issues/94883,G2,G5,F2,F2,G5,G2,G2
https://github.com/pytorch/pytorch/issues/106754,G4,G4,G2,G4,G4,G4,G4
https://github.com/pytorch/pytorch/issues/74424,E3,E3,E3,D1,E3,E3,E3
https://github.com/pytorch/pytorch/issues/67089,A4,G1,A1,G1,A1,G1,G1
https://github.com/pytorch/pytorch/issues/42415,A3,G2,G4,G2,G4,G2,G2
https://github.com/pytorch/pytorch/issues/67844,G4,A1,G4,G4,G4,G4,G4
https://github.com/pytorch/pytorch/issues/38024,A1,A4,A4,A4,A4,A4,A4
https://github.com/pytorch/pytorch/issues/112577,F2,F1,C2,A4,F1,F2,F2
https://github.com/pytorch/pytorch/issues/100075,F2,F2,F2,F2,F2,G4,F2
https://github.com/pytorch/pytorch/issues/61251,A1,C1,C1,C1,C1,C1,C1
https://github.com/pytorch/pytorch/issues/32369,A4,A4,B3,A4,A4,A4,A4
https://github.com/pytorch/pytorch/issues/41794,C1,C1,C1,B3,C1,F2,C1
https://github.com/pytorch/pytorch/issues/110597,C2,C2,C2,G4,G4,C2,C2
https://github.com/pytorch/pytorch/issues/112998,G4,G4,B2,G4,G4,G4,G4
https://github.com/pytorch/pytorch/issues/57744,C2,C2,C2,C2,C2,D1,C2
https://github.com/pytorch/pytorch/issues/54415,G5,G5,G4,G5,G4,G5,G5
https://github.com/pytorch/pytorch/issues/36921,F2,F2,F2,B3,F2,F2,F2
https://github.com/pytorch/pytorch/issues/70523,G5,B1,B1,B1,A2,B1,B1
https://github.com/pytorch/pytorch/issues/35561,E1,E1,E1,E1,E1,G3,E1
https://github.com/pytorch/pytorch/issues/80733,C2,G4,G4,B1,B1,G4,G4
https://github.com/pytorch/pytorch/issues/105514,G5,G2,B1,G2,B1,G2,G2
https://github.com/pytorch/pytorch/issues/99625,A1,E3,A1,A1,E3,A1,A1
https://github.com/pytorch/pytorch/issues/108269,G4,G4,G3,G4,G4,A1,G4
https://github.com/pytorch/pytorch/issues/69294,C2,G4,G4,G4,C2,G4,G4
https://github.com/pytorch/pytorch/issues/42815,B3,D2,D2,D2,D2,D2,D2
https://github.com/pytorch/pytorch/issues/44714,G4,G4,G4,D2,G4,A3,G4
https://github.com/pytorch/pytorch/issues/68739,C1,C1,C1,E2,C1,C1,C1
https://github.com/pytorch/pytorch/issues/44109,C1,C1,E1,E2,C1,C1,C1
https://github.com/pytorch/pytorch/issues/47599,F2,F2,F2,B2,F2,C2,F2
https://github.com/pytorch/pytorch/issues/50006,C2,C2,D2,C2,E3,C2,C2
https://github.com/pytorch/pytorch/issues/32703,A3,G4,C1,G1,G4,G1,G4
https://github.com/pytorch/pytorch/issues/32519,C1,C1,C1,C1,A4,C1,C1
https://github.com/pytorch/pytorch/issues/98688,B1,B1,F1,B1,G4,B1,B1
https://github.com/pytorch/pytorch/issues/75369,C2,B1,B1,B1,D2,B1,B1
https://github.com/pytorch/pytorch/issues/97409,B1,G4,F1,G4,G4,G4,G4
https://github.com/pytorch/pytorch/issues/80876,A4,E2,A4,A4,A4,A4,A4
https://github.com/pytorch/pytorch/issues/81665,G5,G5,G5,B3,G5,G5,G5
https://github.com/pytorch/pytorch/issues/109014,A1,A1,C2,A1,A1,A1,A1
https://github.com/pytorch/pytorch/issues/101267,A2,A2,A2,A2,C1,A2,A2
https://github.com/pytorch/pytorch/issues/59945,C1,C1,G2,C1,C1,C1,C1
https://github.com/pytorch/pytorch/issues/36493,F2,F2,F2,A4,F2,A2,F2
https://github.com/pytorch/pytorch/issues/113740,B1,B1,B1,F1,E3,B1,B1
https://github.com/pytorch/pytorch/issues/51026,F1,A3,A3,A3,A3,A3,A3
https://github.com/pytorch/pytorch/issues/33953,G4,G4,G4,G4,F1,G4,G4
https://github.com/pytorch/pytorch/issues/84488,F2,A3,A4,F2,F2,F2,F2
https://github.com/pytorch/pytorch/issues/42258,C2,C2,C2,C2,E3,B3,C2
https://github.com/pytorch/pytorch/issues/60892,C1,C1,C1,C1,C1,G3,C1
https://github.com/pytorch/pytorch/issues/83149,E2,F2,F2,F2,F2,F2,F2
https://github.com/pytorch/pytorch/issues/44378,G4,G4,G4,F1,G4,G4,G4
https://github.com/pytorch/pytorch/issues/103117,C2,C2,C2,C2,C2,G1,C2
https://github.com/pytorch/pytorch/issues/63139,A1,A1,G4,A1,G4,A1,A1
https://github.com/pytorch/pytorch/issues/42125,B1,D2,B1,F2,B1,B1,B1
https://github.com/pytorch/pytorch/issues/47776,B1,B1,B1,B1,A1,B1,B1
https://github.com/pytorch/pytorch/issues/53336,C1,G5,C1,C1,C1,B2,C1
https://github.com/pytorch/pytorch/issues/54245,A4,B2,A4,A4,A4,A4,A4
https://github.com/pytorch/pytorch/issues/109312,A3,A3,G4,G2,G4,A3,A3
https://github.com/pytorch/pytorch/issues/47050,F1,C2,F1,G4,F1,G5,F1
https://github.com/pytorch/pytorch/issues/65473,G4,G4,G4,G4,G4,A3,G4
https://github.com/pytorch/pytorch/issues/46380,B1,B1,B1,F1,B1,B1,B1
https://github.com/pytorch/pytorch/issues/49998,C1,C1,C1,C1,A3,C1,C1
https://github.com/pytorch/pytorch/issues/46242,C2,C2,C2,G2,G2,C2,C2
https://github.com/pytorch/pytorch/issues/38910,B1,A2,B1,B1,B1,B1,B1
https://github.com/pytorch/pytorch/issues/37996,G4,G5,G4,G4,G4,G4,G4
https://github.com/pytorch/pytorch/issues/42896,F2,C2,F2,F2,C2,F2,F2
https://github.com/pytorch/pytorch/issues/63224,F2,F2,F2,F2,F2,F2,F2
https://github.com/pytorch/pytorch/issues/35600,B1,B1,B1,B1,B1,B1,B1
https://github.com/pytorch/pytorch/issues/66072,F1,F1,F1,F1,F1,F1,F1
https://github.com/pytorch/pytorch/issues/38889,F1,F1,F1,F1,F1,F1,F1
https://github.com/pytorch/pytorch/issues/76401,A1,A1,A1,A1,A1,A1,A1
https://github.com/pytorch/pytorch/issues/96813,E2,E2,E2,E2,E2,E2,E2
https://github.com/pytorch/pytorch/issues/41474,G4,G2,G4,G4,G2,G4,G4
https://github.com/pytorch/pytorch/issues/88868,C1,C1,C1,C1,C1,C1,C1
https://github.com/pytorch/pytorch/issues/85939,B1,B1,B1,B1,B1,B1,B1
https://github.com/pytorch/pytorch/issues/83500,A4,A4,A4,G1,G1,A4,A4
https://github.com/pytorch/pytorch/issues/63583,A4,F1,A4,A4,F1,A4,A4
https://github.com/pytorch/pytorch/issues/53368,D1,D1,D1,D1,D1,D1,D1
https://github.com/pytorch/pytorch/issues/46155,F2,F2,F2,F2,F2,F2,F2
https://github.com/pytorch/pytorch/issues/33103,A1,A1,A1,A1,A1,A1,A1
https://github.com/pytorch/pytorch/issues/116276,A3,A3,A3,A3,A3,A3,A3
https://github.com/pytorch/pytorch/issues/33016,A4,A4,A4,A4,A4,A4,A4
https://github.com/pytorch/pytorch/issues/32898,G4,G4,G4,G4,G4,G4,G4
https://github.com/pytorch/pytorch/issues/32500,A3,F2,F2,F2,A3,F2,F2
https://github.com/pytorch/pytorch/issues/38716,F2,F2,F2,F2,F2,F2,F2
https://github.com/pytorch/pytorch/issues/85427,G2,A4,A3,A4,G2,A3,G2
https://github.com/pytorch/pytorch/issues/90170,G5,G5,G5,G5,G5,G5,G5
https://github.com/pytorch/pytorch/issues/54404,E1,E1,E1,E1,E1,E1,E1
https://github.com/pytorch/pytorch/issues/82528,B1,B1,B1,B1,B1,B1,B1
https://github.com/pytorch/pytorch/issues/32008,B1,B1,B1,B1,B1,B1,B1
https://github.com/pytorch/pytorch/issues/32520,F2,F2,F2,F2,F2,F2,F2
https://github.com/pytorch/pytorch/issues/74139,G5,G5,G5,G5,G5,G5,G5
https://github.com/pytorch/pytorch/issues/72653,A4,A4,A4,G4,G4,A4,A4
https://github.com/pytorch/pytorch/issues/49559,A1,A1,A1,A1,A1,A1,A1
https://github.com/pytorch/pytorch/issues/33899,B1,B1,B1,B1,B1,B1,B1
https://github.com/pytorch/pytorch/issues/33651,F2,F2,F2,F2,F2,F2,F2
https://github.com/pytorch/pytorch/issues/62269,A2,A2,A2,A2,A2,A2,A2
https://github.com/pytorch/pytorch/issues/65392,F2,F2,F2,F2,F2,F2,F2
https://github.com/pytorch/pytorch/issues/92164,F1,F1,F1,F1,F1,F1,F1
https://github.com/pytorch/pytorch/issues/93940,C2,C2,C1,G4,C1,G4,C2
https://github.com/pytorch/pytorch/issues/82966,C2,G4,C2,G1,G4,C2,C2
https://github.com/pytorch/pytorch/issues/109709,G2,G4,A4,G2,A4,G2,G2
https://github.com/pytorch/pytorch/issues/97712,B1,B1,B1,B1,B1,B1,B1
https://github.com/pytorch/pytorch/issues/93470,G3,G5,G3,G4,G5,G3,G3
https://github.com/pytorch/pytorch/issues/91547,B3,B3,B3,B3,B3,B3,B3
https://github.com/pytorch/pytorch/issues/90375,G5,G5,B1,G5,B1,G5,G5
https://github.com/pytorch/pytorch/issues/80489,A3,A3,A3,G4,G4,A3,A3
https://github.com/pytorch/pytorch/issues/57416,C2,F1,F1,F1,C2,F1,F1
https://github.com/pytorch/pytorch/issues/50873,A3,B1,A3,A3,B1,A3,A3
https://github.com/pytorch/pytorch/issues/82894,G4,G4,G4,G4,G4,G4,G4
https://github.com/pytorch/pytorch/issues/40973,B1,B1,B1,B1,B1,B1,B1
https://github.com/pytorch/pytorch/issues/54789,F2,C2,F2,F2,C2,F2,F2
https://github.com/pytorch/pytorch/issues/53237,C1,C1,C1,C1,C1,C1,C1
https://github.com/pytorch/pytorch/issues/84022,E1,E1,E1,E1,E1,E1,E1
https://github.com/pytorch/pytorch/issues/99519,F2,F2,F2,F2,F2,F2,F2
https://github.com/pytorch/pytorch/issues/79609,F2,F2,F2,F2,F2,F2,F2
https://github.com/pytorch/pytorch/issues/68868,F2,F2,F2,F2,F2,F2,F2
https://github.com/pytorch/pytorch/issues/34907,C1,C1,C1,C1,C1,C1,C1
https://github.com/pytorch/pytorch/issues/38385,B1,B1,B1,B1,B1,B1,B1
https://github.com/pytorch/pytorch/issues/32270,G5,G5,G5,G2,G2,G5,G5
https://github.com/pytorch/pytorch/issues/33292,A1,A1,A1,A1,A1,A1,A1
https://github.com/pytorch/pytorch/issues/36939,G5,C1,C1,C1,G5,C1,C1
https://github.com/pytorch/pytorch/issues/55735,C2,C2,C2,C2,C2,C2,C2
https://github.com/pytorch/pytorch/issues/48573,A4,A4,A4,A4,A4,A4,A4
https://github.com/pytorch/pytorch/issues/74188,B1,B1,B1,B1,B1,B1,B1
https://github.com/pytorch/pytorch/issues/45403,B1,B1,B1,B1,B1,B1,B1
https://github.com/pytorch/pytorch/issues/38913,C1,C1,C1,G2,G2,C1,C1
https://github.com/pytorch/pytorch/issues/76113,C2,C1,C1,C1,C2,C1,C1
https://github.com/pytorch/pytorch/issues/63486,A4,A4,A4,F2,F2,A4,A4
https://github.com/pytorch/pytorch/issues/74400,C1,C2,C2,G5,C1,G5,C1
https://github.com/pytorch/pytorch/issues/114750,G4,G2,G4,G4,G2,G4,G4
https://github.com/pytorch/pytorch/issues/104439,F2,F2,F2,F2,F2,F2,F2
https://github.com/pytorch/pytorch/issues/100690,A3,A3,A3,A3,A3,A3,A3
https://github.com/pytorch/pytorch/issues/95606,B3,B3,B3,B3,B3,B3,B3
https://github.com/pytorch/pytorch/issues/92925,G2,G4,G4,G4,G2,G4,G4
https://github.com/pytorch/pytorch/issues/89677,G4,G4,G4,G4,G4,G4,G4
https://github.com/pytorch/pytorch/issues/82428,A4,A4,A4,A4,A4,A4,A4
https://github.com/pytorch/pytorch/issues/81198,A4,A3,G1,C1,G1,A3,A3
https://github.com/pytorch/pytorch/issues/60839,C2,C2,C2,C2,C2,C2,C2
https://github.com/pytorch/pytorch/issues/71674,C1,C1,C1,G5,G5,C1,C1
https://github.com/pytorch/pytorch/issues/62237,C1,C1,C1,C1,C1,C1,C1
https://github.com/pytorch/pytorch/issues/43874,C1,C1,C1,G2,G2,C1,C1
https://github.com/pytorch/pytorch/issues/38228,B3,G4,C2,G4,B3,G4,G4
https://github.com/pytorch/pytorch/issues/37306,C1,C1,C2,C2,C1,C2,C1
https://github.com/pytorch/pytorch/issues/36466,G5,G5,G5,G5,G5,G5,G5
https://github.com/pytorch/pytorch/issues/33613,B1,B1,B1,B1,B1,B1,B1
https://github.com/pytorch/pytorch/issues/32507,C1,C1,C1,C1,C1,C1,C1
https://github.com/pytorch/pytorch/issues/45136,C1,C1,C1,C1,C1,C1,C1
https://github.com/pytorch/pytorch/issues/62793,A3,C1,C1,G2,G2,A3,A3
https://github.com/pytorch/pytorch/issues/53178,F1,F1,F1,F1,F1,F1,F1
https://github.com/pytorch/pytorch/issues/114464,C2,C1,C2,G4,C1,G4,C2
https://github.com/pytorch/pytorch/issues/80735,E1,E1,E1,F2,E1,E1,E1
https://github.com/pytorch/pytorch/issues/77562,E1,G2,G2,G2,E1,G2,G2
https://github.com/pytorch/pytorch/issues/73010,D1,G3,D1,D1,G3,D1,D1
https://github.com/pytorch/pytorch/issues/60187,A4,A4,A4,A4,A4,A4,A4
https://github.com/pytorch/pytorch/issues/48900,F2,F2,F2,F2,F2,F2,F2
https://github.com/pytorch/pytorch/issues/36870,A4,G1,G5,G4,G1,G4,G1
https://github.com/pytorch/pytorch/issues/56922,B1,B1,B1,B1,B1,B1,B1
https://github.com/pytorch/pytorch/issues/61096,C2,C2,C2,C2,C2,C2,C2
https://github.com/pytorch/pytorch/issues/68946,F2,F2,F2,F2,F2,F2,F2
https://github.com/pytorch/pytorch/issues/65599,F1,F1,F1,F1,F1,F1,F1
https://github.com/pytorch/pytorch/issues/76571,F2,F2,F2,F2,F2,F2,F2
https://github.com/pytorch/pytorch/issues/79708,C1,C1,C1,G2,G2,C1,C1
https://github.com/pytorch/pytorch/issues/94376,A3,G4,A3,G2,G4,A3,A3
https://github.com/pytorch/pytorch/issues/112583,C1,C1,C1,C1,C1,C1,C1
https://github.com/pytorch/pytorch/issues/61804,A4,A4,A4,A4,A4,A4,A4
https://github.com/pytorch/pytorch/issues/36191,B3,B3,B3,B3,B3,B3,B3
https://github.com/pytorch/pytorch/issues/63036,C2,C2,C2,C2,C2,C2,C2
https://github.com/pytorch/pytorch/issues/78807,G4,A3,C1,C2,C2,G4,G4
https://github.com/pytorch/pytorch/issues/102208,G4,G4,G4,G4,G4,G4,G4
https://github.com/pytorch/pytorch/issues/82569,B1,B1,B1,B1,B1,B1,B1
https://github.com/pytorch/pytorch/issues/40073,B1,B1,B1,B1,B1,B1,B1
https://github.com/pytorch/pytorch/issues/41614,C1,C1,C1,C1,C1,C1,C1
https://github.com/pytorch/pytorch/issues/42371,B1,C2,B1,B1,C2,B1,B1
https://github.com/pytorch/pytorch/issues/45198,A3,A3,A3,A3,A3,A3,A3
https://github.com/pytorch/pytorch/issues/48214,F2,F2,F2,F2,F2,F2,F2
https://github.com/pytorch/pytorch/issues/58724,F1,F1,F1,F1,F1,F1,F1
https://github.com/pytorch/pytorch/issues/82004,G4,G4,G4,G4,G4,G4,G4
https://github.com/pytorch/pytorch/issues/80948,C2,C2,C2,C2,C2,C2,C2
https://github.com/pytorch/pytorch/issues/86448,A4,A4,A4,A4,A4,A4,A4
https://github.com/pytorch/pytorch/issues/113180,E2,E2,E2,E2,E2,E2,E2
https://github.com/pytorch/pytorch/issues/101878,C1,C1,C1,C1,C1,C1,C1
https://github.com/pytorch/pytorch/issues/107076,C2,C2,C2,G2,G2,C2,C2
https://github.com/pytorch/pytorch/issues/94575,G3,G3,G3,G3,G3,G3,G3
https://github.com/pytorch/pytorch/issues/82457,G4,G4,G4,G4,G4,G4,G4
https://github.com/pytorch/pytorch/issues/75725,C2,C2,C1,C2,C1,C2,C2
https://github.com/pytorch/pytorch/issues/72594,F2,F2,F2,F2,F2,F2,F2
https://github.com/pytorch/pytorch/issues/72571,A1,A1,A1,A1,A1,A1,A1
https://github.com/pytorch/pytorch/issues/66247,A4,A4,A4,A4,A4,A4,A4
https://github.com/pytorch/pytorch/issues/47292,A1,C1,G5,G4,G4,G5,G5
https://github.com/pytorch/pytorch/issues/54590,G1,G1,G1,G1,G1,G1,G1
https://github.com/pytorch/pytorch/issues/66119,F2,F2,F2,G5,G5,F2,F2
https://github.com/pytorch/pytorch/issues/72782,G2,G2,G2,G2,G2,G2,G2
https://github.com/pytorch/pytorch/issues/96975,A3,A3,A3,A3,A3,A3,A3
https://github.com/pytorch/pytorch/issues/92684,G5,G5,G4,G2,G4,G2,G5
https://github.com/pytorch/pytorch/issues/88842,B1,B1,B1,B1,B1,B1,B1
https://github.com/pytorch/pytorch/issues/63152,F2,F2,F2,F2,F2,F2,F2
https://github.com/pytorch/pytorch/issues/48585,C1,A4,F2,A4,C1,A4,A4
https://github.com/pytorch/pytorch/issues/110549,A3,A3,A3,A3,A3,A3,A3
https://github.com/pytorch/pytorch/issues/91691,A3,A3,A3,A3,A3,A3,A3
https://github.com/pytorch/pytorch/issues/88388,A4,A4,A4,A4,A4,A4,A4
https://github.com/pytorch/pytorch/issues/79274,A1,A1,A1,A1,A1,A1,A1
https://github.com/pytorch/pytorch/issues/35998,E1,E1,E1,E1,E1,E1,E1
https://github.com/pytorch/pytorch/issues/33088,A1,A1,A1,A1,A1,A1,A1
https://github.com/pytorch/pytorch/issues/97339,G4,G4,G4,G4,G4,G4,G4
https://github.com/pytorch/pytorch/issues/55768,B1,B1,B1,B1,B1,B1,B1
https://github.com/pytorch/pytorch/issues/31895,D2,D2,D1,F2,F2,D2,D2
https://github.com/pytorch/pytorch/issues/52135,C2,C2,C1,G2,C1,G2,C2
https://github.com/pytorch/pytorch/issues/79218,B1,B1,B1,B1,B1,B1,B1
https://github.com/pytorch/pytorch/issues/37154,F2,F2,F2,F2,F2,F2,F2
https://github.com/pytorch/pytorch/issues/115640,B1,B1,G2,B1,G2,B1,B1
https://github.com/pytorch/pytorch/issues/114302,F2,F2,F2,F2,F2,F2,F2
https://github.com/pytorch/pytorch/issues/112090,B1,B1,B1,B1,B1,B1,B1
https://github.com/pytorch/pytorch/issues/106051,C1,C1,C1,C1,C1,C1,C1
https://github.com/pytorch/pytorch/issues/98928,C2,C2,D1,G4,G4,D1,C2
https://github.com/pytorch/pytorch/issues/92554,F2,F2,F2,F2,F2,F2,F2
https://github.com/pytorch/pytorch/issues/85952,A3,A3,A3,A3,A3,A3,A3
https://github.com/pytorch/pytorch/issues/85085,A4,A4,A4,A4,A4,A4,A4
https://github.com/pytorch/pytorch/issues/83505,G4,G4,G4,G2,G2,G4,G4
https://github.com/pytorch/pytorch/issues/82461,G2,G2,G2,G2,G2,G2,G2
https://github.com/pytorch/pytorch/issues/61291,C1,C1,C1,C1,C1,C1,C1
https://github.com/pytorch/pytorch/issues/60626,B1,B1,B1,B1,B1,B1,B1
https://github.com/pytorch/pytorch/issues/50153,E1,C1,E1,G4,C1,G4,E1
https://github.com/pytorch/pytorch/issues/60075,G4,G4,C2,C2,G4,G4,G4
https://github.com/pytorch/pytorch/issues/37259,E1,E1,E1,E3,E3,E1,E1
https://github.com/pytorch/pytorch/issues/37577,A3,A3,A3,A3,A3,A3,A3
https://github.com/pytorch/pytorch/issues/42363,F2,F2,F2,F2,F2,F2,F2
https://github.com/pytorch/pytorch/issues/41473,F1,F1,F1,F1,F1,F1,F1
https://github.com/pytorch/pytorch/issues/54293,F1,F1,F1,F1,F1,F1,F1
https://github.com/pytorch/pytorch/issues/55375,C1,C1,C1,C1,C1,C1,C1
https://github.com/pytorch/pytorch/issues/58970,C1,C1,C1,G2,G2,C1,C1
https://github.com/pytorch/pytorch/issues/59723,B1,B1,B1,B1,B1,B1,B1
https://github.com/pytorch/pytorch/issues/90362,A4,A4,A4,A4,A4,A4,A4
https://github.com/pytorch/pytorch/issues/74120,C2,C2,C2,G4,G4,C2,C2
https://github.com/pytorch/pytorch/issues/80488,F2,F2,F2,F2,F2,F2,F2
https://github.com/pytorch/pytorch/issues/81690,G3,G3,G3,G3,G3,G3,G3
https://github.com/pytorch/pytorch/issues/82641,C1,G2,G2,G2,C1,G2,G2
https://github.com/pytorch/pytorch/issues/88352,A4,A4,A4,A4,A4,A4,A4
https://github.com/pytorch/pytorch/issues/109448,F2,F2,F2,F2,F2,F2,F2
https://github.com/pytorch/pytorch/issues/90692,A3,A3,A3,A3,A3,A3,A3
https://github.com/pytorch/pytorch/issues/91067,A1,A1,A1,A1,A1,A1,A1
https://github.com/pytorch/pytorch/issues/96287,B1,B1,B1,B1,B1,B1,B1
https://github.com/pytorch/pytorch/issues/70667,D1,G4,C2,B1,C2,D1,D1
https://github.com/pytorch/pytorch/issues/111574,B1,B1,B1,B1,B1,B1,B1
https://github.com/pytorch/pytorch/issues/114338,G4,G4,G4,G4,G4,G4,G4
https://github.com/pytorch/pytorch/issues/73339,A1,G4,A1,A1,G4,A1,A1
https://github.com/pytorch/pytorch/issues/54830,C2,C2,C2,C2,C2,C2,C2
https://github.com/pytorch/pytorch/issues/65815,C1,C1,C1,C1,C1,C1,C1
https://github.com/pytorch/pytorch/issues/61982,C1,C1,C1,C1,C1,C1,C1
https://github.com/pytorch/pytorch/issues/60081,A3,A3,A3,A3,A3,A3,A3
https://github.com/pytorch/pytorch/issues/58515,C2,C2,G4,G2,G4,G2,C2
https://github.com/pytorch/pytorch/issues/56882,A3,A3,A3,A3,A3,A3,A3
https://github.com/pytorch/pytorch/issues/53717,G4,G4,G4,G4,G4,G4,G4
https://github.com/pytorch/pytorch/issues/49886,F2,C2,G2,E2,E2,G2,G2
https://github.com/pytorch/pytorch/issues/48572,F2,F2,F2,F2,F2,F2,F2
https://github.com/pytorch/pytorch/issues/47844,E2,E2,E2,F2,F2,E2,E2
https://github.com/pytorch/pytorch/issues/46849,C1,C1,C1,C1,C1,C1,C1
https://github.com/pytorch/pytorch/issues/46037,C1,C1,C1,C1,C1,C1,C1
https://github.com/pytorch/pytorch/issues/40457,C2,C2,C2,C2,C2,C2,C2
https://github.com/pytorch/pytorch/issues/40362,D1,D1,D1,G2,G2,D1,D1
https://github.com/pytorch/pytorch/issues/37455,E1,E3,E3,G4,E1,E3,E3
https://github.com/pytorch/pytorch/issues/42213,E1,E1,E1,E1,E1,E1,E1
https://github.com/pytorch/pytorch/issues/36038,E3,C2,C2,G4,E3,G4,E3
https://github.com/pytorch/pytorch/issues/50695,A1,A1,A1,A1,A1,A1,A1
https://github.com/pytorch/pytorch/issues/64995,A3,A3,A3,A3,A3,A3,A3
https://github.com/pytorch/pytorch/issues/60733,G4,G1,G4,G5,G5,G1,G4
https://github.com/pytorch/pytorch/issues/110941,C1,C1,C1,C1,C1,C1,C1
https://github.com/pytorch/pytorch/issues/79992,B1,B1,B1,B1,B1,B1,B1
https://github.com/pytorch/pytorch/issues/77829,F2,C2,F2,F2,C2,F2,F2
https://github.com/pytorch/pytorch/issues/71149,B1,B1,B1,B1,B1,B1,B1
https://github.com/pytorch/pytorch/issues/66712,A4,G3,A4,G2,G2,G3,A4
https://github.com/pytorch/pytorch/issues/107671,F2,F2,F2,F2,F2,F2,F2
https://github.com/pytorch/pytorch/issues/60485,A3,A3,A3,A3,A3,A3,A3
https://github.com/pytorch/pytorch/issues/115423,C2,C2,C2,C2,C2,C2,C2
https://github.com/pytorch/pytorch/issues/64080,A1,A1,A1,A1,A1,A1,A1
https://github.com/pytorch/pytorch/issues/33001,B1,B1,B1,B1,B1,B1,B1
https://github.com/pytorch/pytorch/issues/88375,C1,C2,C1,C1,C2,C1,C1
https://github.com/pytorch/pytorch/issues/35494,A3,A3,A3,A3,A3,A3,A3
https://github.com/pytorch/pytorch/issues/36722,B1,B1,B1,B1,B1,B1,B1
https://github.com/pytorch/pytorch/issues/37707,C2,C2,C2,C2,C2,C2,C2
https://github.com/pytorch/pytorch/issues/35940,E3,E3,E3,E3,E3,E3,E3
https://github.com/pytorch/pytorch/issues/41776,B1,B1,B1,B1,B1,B1,B1
https://github.com/pytorch/pytorch/issues/46931,C1,C1,C1,C1,C1,C1,C1
https://github.com/pytorch/pytorch/issues/49452,C1,C1,C1,C1,C1,C1,C1
https://github.com/pytorch/pytorch/issues/58545,G4,G4,G4,G5,G5,G4,G4
https://github.com/pytorch/pytorch/issues/78938,A3,A3,A3,G4,G4,A3,A3
https://github.com/pytorch/pytorch/issues/80252,E1,E1,E1,E1,E1,E1,E1
https://github.com/pytorch/pytorch/issues/84169,F2,F2,F2,F2,F2,F2,F2
https://github.com/pytorch/pytorch/issues/86120,G4,G4,G4,G4,G4,G4,G4
https://github.com/pytorch/pytorch/issues/98434,G5,G5,G2,G5,G2,G5,G5
https://github.com/pytorch/pytorch/issues/88443,G2,B3,F1,B3,F1,G2,G2
https://github.com/pytorch/pytorch/issues/89935,A1,A1,A1,A1,A1,A1,A1
https://github.com/pytorch/pytorch/issues/93484,G2,G2,G2,G2,G2,G2,G2
https://github.com/pytorch/pytorch/issues/94751,G4,G4,G4,G4,G4,G4,G4
https://github.com/pytorch/pytorch/issues/94830,B1,B1,B1,B1,B1,B1,B1
https://github.com/pytorch/pytorch/issues/32289,G5,G5,G5,G5,G5,G5,G5
https://github.com/pytorch/pytorch/issues/103719,C2,C2,G2,G4,G2,G4,C2
https://github.com/pytorch/pytorch/issues/103756,B1,B1,B1,B1,B1,B1,B1
https://github.com/pytorch/pytorch/issues/106893,C1,C1,C1,C1,C1,C1,C1
https://github.com/pytorch/pytorch/issues/107315,C2,C2,C1,G4,C1,C2,C2
https://github.com/pytorch/pytorch/issues/111279,C1,G5,G2,C1,G2,C1,C1
https://github.com/pytorch/pytorch/issues/111484,F1,F1,F1,F1,F1,F1,F1
https://github.com/pytorch/pytorch/issues/113010,F1,F1,F1,E3,E3,F1,F1
https://github.com/pytorch/pytorch/issues/115521,G4,G5,G4,G4,G5,G4,G4
https://github.com/pytorch/pytorch/issues/115817,G4,G4,G4,G4,G4,G4,G4
https://github.com/pytorch/pytorch/issues/32561,G3,A3,G3,G3,A3,G3,G3
https://github.com/pytorch/pytorch/issues/38618,B1,B1,B1,B1,B1,B1,B1
https://github.com/pytorch/pytorch/issues/51102,D1,D1,D1,G4,G4,D1,D1
https://github.com/pytorch/pytorch/issues/100813,B1,B1,B1,B1,B1,B1,B1
https://github.com/pytorch/pytorch/issues/111695,A2,A2,A2,A2,A2,A2,A2
https://github.com/pytorch/pytorch/issues/49877,B1,B1,B1,B1,B1,B1,B1
https://github.com/pytorch/pytorch/issues/47851,G4,G4,G4,G4,G4,G4,G4
https://github.com/pytorch/pytorch/issues/116300,C1,C1,C1,C1,C1,C1,C1
https://github.com/pytorch/pytorch/issues/74115,B1,B1,B1,B1,B1,B1,B1
https://github.com/pytorch/pytorch/issues/56325,G2,G2,G2,G2,G2,G2,G2
https://github.com/pytorch/pytorch/issues/88652,F1,F1,F1,F1,F1,F1,F1
https://github.com/pytorch/pytorch/issues/45274,F2,F2,F2,F2,F2,F2,F2
https://github.com/pytorch/pytorch/issues/77048,F2,F2,F2,F2,F2,F2,F2
https://github.com/pytorch/pytorch/issues/76368,F1,F1,F1,F1,F1,F1,F1
https://github.com/pytorch/pytorch/issues/76236,F2,F2,F2,F2,F2,F2,F2
https://github.com/pytorch/pytorch/issues/76176,F2,C2,A4,A4,F2,C2,F2
https://github.com/pytorch/pytorch/issues/39351,C2,C2,C2,G2,G2,C2,C2
https://github.com/pytorch/pytorch/issues/100701,C1,C1,C1,A4,A4,C1,C1
https://github.com/pytorch/pytorch/issues/45357,F2,F2,F2,F2,F2,F2,F2
https://github.com/pytorch/pytorch/issues/75224,C1,C2,C2,G2,C1,G2,C1
https://github.com/pytorch/pytorch/issues/47007,G4,G4,C2,C2,G4,G4,G4
https://github.com/pytorch/pytorch/issues/52075,A3,A3,A3,A3,A3,A3,A3
https://github.com/pytorch/pytorch/issues/56678,B1,B1,B1,B1,B1,B1,B1
https://github.com/pytorch/pytorch/issues/96181,B1,B1,B1,B1,B1,B1,B1
https://github.com/pytorch/pytorch/issues/71089,B1,B1,B1,B1,B1,B1,B1
https://github.com/pytorch/pytorch/issues/71550,G4,G4,G4,G4,G4,G4,G4
https://github.com/pytorch/pytorch/issues/69730,A4,A4,A4,A4,A4,A4,A4
https://github.com/pytorch/pytorch/issues/75404,C2,G4,G4,G4,C2,G4,G4
https://github.com/pytorch/pytorch/issues/72400,B1,B1,B1,B1,B1,B1,B1
https://github.com/pytorch/pytorch/issues/74950,A4,A4,A4,A4,A4,A4,A4
https://github.com/pytorch/pytorch/issues/68727,F1,F1,F1,F1,F1,F1,F1
https://github.com/pytorch/pytorch/issues/68418,B1,B1,B1,B1,B1,B1,B1
https://github.com/pytorch/pytorch/issues/67992,G4,G5,G5,A1,A1,G4,G4
https://github.com/pytorch/pytorch/issues/55917,F2,F2,F2,F2,F2,F2,F2
https://github.com/pytorch/pytorch/issues/53565,B1,B1,B1,B1,B1,B1,B1
https://github.com/pytorch/pytorch/issues/52663,C1,C1,C1,C1,C1,C1,C1
https://github.com/pytorch/pytorch/issues/50522,B1,B1,B1,B1,B1,B1,B1
https://github.com/pytorch/pytorch/issues/48382,B3,B3,B3,B3,B3,B3,B3
https://github.com/pytorch/pytorch/issues/42113,C1,C1,C1,C1,C1,C1,C1
https://github.com/pytorch/pytorch/issues/41465,C2,C2,C2,C2,C2,C2,C2
https://github.com/pytorch/pytorch/issues/39935,B1,B1,B1,B1,B1,B1,B1
https://github.com/pytorch/pytorch/issues/36045,G4,G4,G4,G4,G4,G4,G4
https://github.com/pytorch/pytorch/issues/35418,G5,G5,G5,G5,G5,G5,G5
https://github.com/pytorch/pytorch/issues/34141,G5,G4,G4,G4,G5,G4,G4
https://github.com/pytorch/pytorch/issues/33941,G4,G4,G4,G4,G4,G4,G4
https://github.com/pytorch/pytorch/issues/32866,B1,B1,B1,B1,B1,B1,B1
https://github.com/pytorch/pytorch/issues/49052,D1,C2,D1,G2,G2,C2,D1
https://github.com/pytorch/pytorch/issues/85440,B1,B1,B1,B1,B1,B1,B1
https://github.com/pytorch/pytorch/issues/85694,F1,F1,F1,F1,F1,F1,F1
https://github.com/pytorch/pytorch/issues/96153,G4,G5,G4,G2,G2,G4,G4
https://github.com/pytorch/pytorch/issues/111199,G4,G4,G4,G4,G4,G4,G4
https://github.com/pytorch/pytorch/issues/104095,B1,B1,B1,B1,B1,B1,B1
https://github.com/pytorch/pytorch/issues/114109,E2,E2,E2,E2,E2,E2,E2
https://github.com/pytorch/pytorch/issues/70502,F2,F2,F2,F2,F2,F2,F2
https://github.com/pytorch/pytorch/issues/110666,E1,E1,E1,C1,C1,E1,E1
https://github.com/pytorch/pytorch/issues/106769,B1,B1,B1,B1,B1,B1,B1
https://github.com/pytorch/pytorch/issues/46536,B1,G2,B1,G4,G2,B1,B1
https://github.com/pytorch/pytorch/issues/49400,F1,E2,E2,E2,F1,E2,E2
https://github.com/pytorch/pytorch/issues/50014,B1,B1,B1,B1,B1,B1,B1
https://github.com/pytorch/pytorch/issues/50371,A3,A3,A3,A3,A3,A3,A3
https://github.com/pytorch/pytorch/issues/50792,G4,G4,G4,G4,G4,G4,G4
https://github.com/pytorch/pytorch/issues/51132,C2,C2,C2,C2,C2,C2,C2
https://github.com/pytorch/pytorch/issues/51332,A1,G1,A1,C1,G1,C1,A1
https://github.com/pytorch/pytorch/issues/51430,C1,C1,C1,C1,C1,C1,C1
https://github.com/pytorch/pytorch/issues/51627,G4,G4,G4,G5,G5,G4,G4
https://github.com/pytorch/pytorch/issues/53454,B1,B1,B1,G2,G2,B1,B1
https://github.com/pytorch/pytorch/issues/54053,A4,A4,A4,A4,A4,A4,A4
https://github.com/pytorch/pytorch/issues/54324,E3,E3,E3,E3,E3,E3,E3
https://github.com/pytorch/pytorch/issues/57115,A1,E1,E1,E1,A1,E1,E1
https://github.com/pytorch/pytorch/issues/57178,F2,F2,F2,F2,F2,F2,F2
https://github.com/pytorch/pytorch/issues/60665,A4,A4,A4,A4,A4,A4,A4
https://github.com/pytorch/pytorch/issues/64026,A3,A3,A3,G2,G2,A3,A3
https://github.com/pytorch/pytorch/issues/67167,F2,F2,F2,F2,F2,F2,F2
https://github.com/pytorch/pytorch/issues/47054,B1,B1,B1,B1,B1,B1,B1
https://github.com/pytorch/pytorch/issues/45995,G4,C2,G5,G5,C2,G4,G4
https://github.com/pytorch/pytorch/issues/33535,D1,G4,G2,G2,D1,G2,G2
https://github.com/pytorch/pytorch/issues/40137,C2,C2,C2,C2,C2,C2,C2
https://github.com/pytorch/pytorch/issues/33562,A4,C1,A4,G4,C1,G4,A4
https://github.com/pytorch/pytorch/issues/33618,G2,G2,G2,G2,G2,G2,G2
https://github.com/pytorch/pytorch/issues/36318,D1,D1,D1,C1,C1,D1,D1
https://github.com/pytorch/pytorch/issues/36977,F2,F2,F2,F2,F2,F2,F2
https://github.com/pytorch/pytorch/issues/38230,G5,G5,G4,G5,G4,G5,G5
https://github.com/pytorch/pytorch/issues/38966,B1,B1,B1,B1,B1,B1,B1
https://github.com/pytorch/pytorch/issues/38985,C1,C1,C1,C1,C1,C1,C1
https://github.com/pytorch/pytorch/issues/40140,G2,C2,G4,C1,C1,G2,G2
https://github.com/pytorch/pytorch/issues/45964,F2,F2,F2,F2,F2,F2,F2
https://github.com/pytorch/pytorch/issues/40287,F2,F2,F2,G5,G5,F2,F2
https://github.com/pytorch/pytorch/issues/40668,C2,C2,C1,G1,C1,C2,C2
https://github.com/pytorch/pytorch/issues/40965,A3,A3,A3,A3,A3,A3,A3
https://github.com/pytorch/pytorch/issues/41197,C2,C2,C2,G4,G4,C2,C2
https://github.com/pytorch/pytorch/issues/41365,G5,G5,G4,G2,G2,G5,G5
https://github.com/pytorch/pytorch/issues/42312,F2,F2,F2,F2,F2,F2,F2
https://github.com/pytorch/pytorch/issues/45687,F1,F1,F1,F1,F1,F1,F1
https://github.com/pytorch/pytorch/issues/43349,C1,C1,C1,G5,G5,C1,C1
https://github.com/pytorch/pytorch/issues/71188,G4,G4,G4,G4,G4,G4,G4
https://github.com/pytorch/pytorch/issues/75740,F1,F1,F1,F1,F1,F1,F1
https://github.com/pytorch/pytorch/issues/42242,G3,G4,G3,G3,G4,G3,G3
https://github.com/pytorch/pytorch/issues/100224,F2,F2,F2,F2,F2,F2,F2
https://github.com/pytorch/pytorch/issues/97909,C1,C1,C1,G2,G2,C1,C1
https://github.com/pytorch/pytorch/issues/97021,G4,G4,G4,G5,G5,G4,G4
https://github.com/pytorch/pytorch/issues/95671,A1,A1,A1,C1,C1,A1,A1
https://github.com/pytorch/pytorch/issues/95595,B1,B1,B1,B1,B1,B1,B1
https://github.com/pytorch/pytorch/issues/90696,A4,G4,A4,A4,G4,A4,A4
https://github.com/pytorch/pytorch/issues/87354,F2,F2,F2,F2,F2,F2,F2
https://github.com/pytorch/pytorch/issues/86535,B1,B1,B1,G2,G2,B1,B1
https://github.com/pytorch/pytorch/issues/85155,B1,B1,B1,B1,B1,B1,B1
https://github.com/pytorch/pytorch/issues/84051,G5,G5,G5,G5,G5,G5,G5
https://github.com/pytorch/pytorch/issues/83355,G5,C2,G5,C2,C2,G5,G5
https://github.com/pytorch/pytorch/issues/83328,B1,B1,B1,B1,B1,B1,B1
https://github.com/pytorch/pytorch/issues/78152,E1,E1,E1,B1,B1,E1,E1
https://github.com/pytorch/pytorch/issues/82072,B3,B3,B3,B3,B3,B3,B3
https://github.com/pytorch/pytorch/issues/80275,C1,C1,C1,C1,C1,C1,C1
https://github.com/pytorch/pytorch/issues/79835,C1,C1,C1,C1,C1,C1,C1
https://github.com/pytorch/pytorch/issues/116143,G2,G2,G2,G2,G2,G2,G2
https://github.com/pytorch/pytorch/issues/100794,E1,E1,E1,E1,E1,E1,E1
https://github.com/pytorch/pytorch/issues/97161,G5,G5,G5,G5,G5,G5,G5
https://github.com/pytorch/pytorch/issues/95432,C1,C1,C1,C1,C1,C1,C1
https://github.com/pytorch/pytorch/issues/80599,C2,C2,C2,C2,C2,C2,C2
https://github.com/pytorch/pytorch/issues/77766,A1,A1,A1,A1,A1,A1,A1
https://github.com/pytorch/pytorch/issues/77704,B1,B1,B1,B1,B1,B1,B1
https://github.com/pytorch/pytorch/issues/103726,B1,B1,B1,B1,B1,B1,B1
https://github.com/pytorch/pytorch/issues/104097,A1,A1,A1,A1,A1,A1,A1
https://github.com/pytorch/pytorch/issues/104505,B1,B1,B1,B1,B1,B1,B1
https://github.com/pytorch/pytorch/issues/109221,G3,G3,G3,G3,G3,G3,G3
https://github.com/pytorch/pytorch/issues/54136,E1,E1,E1,E1,E1,E1,E1
https://github.com/pytorch/pytorch/issues/75762,G5,G5,G5,G5,G5,G5,G5
https://github.com/pytorch/pytorch/issues/78867,D1,D1,D1,D1,D1,D1,D1
https://github.com/pytorch/pytorch/issues/58520,E1,E1,E1,E1,E1,E1,E1
https://github.com/pytorch/pytorch/issues/58769,E1,E1,E1,E1,E1,E1,E1
https://github.com/pytorch/pytorch/issues/62657,B1,B1,B1,B1,B1,B1,B1
https://github.com/pytorch/pytorch/issues/65945,A3,A3,A3,A3,A3,A3,A3
https://github.com/pytorch/pytorch/issues/66086,B1,B1,B1,B1,B1,B1,B1
https://github.com/pytorch/pytorch/issues/70672,E1,E1,E1,E1,E1,E1,E1
https://github.com/pytorch/pytorch/issues/114454,G1,G1,G1,G1,G1,G1,G1
https://github.com/pytorch/pytorch/issues/114224,B1,B1,B1,B1,B1,B1,B1
https://github.com/pytorch/pytorch/issues/112305,C1,C1,C1,C1,C1,C1,C1
https://github.com/pytorch/pytorch/issues/111113,E1,E1,E1,E1,E1,E1,E1
https://github.com/pytorch/pytorch/issues/46491,A2,A1,A2,A3,A3,A2,A2
https://github.com/pytorch/pytorch/issues/46808,G3,G3,G3,G3,G3,G3,G3
https://github.com/pytorch/pytorch/issues/46144,C1,C1,C1,C1,C1,C1,C1
https://github.com/pytorch/pytorch/issues/43477,E1,E1,E1,E1,E1,E1,E1
https://github.com/pytorch/pytorch/issues/42695,A4,A4,A4,A4,A4,A4,A4
https://github.com/pytorch/pytorch/issues/47260,C1,C1,C1,C1,C1,C1,C1
https://github.com/pytorch/pytorch/issues/47575,F1,F1,F1,F1,F1,F1,F1
https://github.com/pytorch/pytorch/issues/48996,B1,B1,B1,B1,B1,B1,B1
https://github.com/pytorch/pytorch/issues/49617,A1,A1,A1,A1,A1,A1,A1
https://github.com/pytorch/pytorch/issues/46434,D2,D2,D2,D2,D2,D2,D2
https://github.com/pytorch/pytorch/issues/91005,F1,F1,F1,F1,F1,F1,F1
https://github.com/pytorch/pytorch/issues/86136,G5,G5,G5,G5,G5,G5,G5
https://github.com/pytorch/pytorch/issues/40032,C2,C2,C2,C2,C2,C2,C2
https://github.com/pytorch/pytorch/issues/66420,B3,B3,B3,B3,B3,B3,B3
https://github.com/pytorch/pytorch/issues/67155,C1,C1,C1,C1,C1,C1,C1
https://github.com/pytorch/pytorch/issues/68383,C1,C1,C1,C1,C1,C1,C1
https://github.com/pytorch/pytorch/issues/69209,D1,D1,D1,D1,D1,D1,D1
https://github.com/pytorch/pytorch/issues/69480,C2,E1,C2,C2,E1,C2,C2
https://github.com/pytorch/pytorch/issues/73165,G4,G4,G4,G4,G4,G4,G4
https://github.com/pytorch/pytorch/issues/73188,D1,D1,D1,D1,D1,D1,D1
https://github.com/pytorch/pytorch/issues/79079,C1,B1,C1,C1,B1,C1,C1
https://github.com/pytorch/pytorch/issues/80604,E1,E1,E1,E1,E1,E1,E1
https://github.com/pytorch/pytorch/issues/80795,A1,A1,A1,A1,A1,A1,A1
https://github.com/pytorch/pytorch/issues/81111,G4,G4,G4,G4,G4,G4,G4
https://github.com/pytorch/pytorch/issues/81129,C2,B1,B1,B1,C2,B1,B1
https://github.com/pytorch/pytorch/issues/82547,F1,F1,F1,F1,F1,F1,F1
https://github.com/pytorch/pytorch/issues/84082,B1,B1,B1,B1,B1,B1,B1
https://github.com/pytorch/pytorch/issues/84511,C1,C1,C1,C1,C1,C1,C1
https://github.com/pytorch/pytorch/issues/65612,A3,A3,A3,A3,A3,A3,A3
https://github.com/pytorch/pytorch/issues/61454,A3,A3,A3,A3,A3,A3,A3
https://github.com/pytorch/pytorch/issues/59237,D2,D2,D2,D2,D2,D2,D2
https://github.com/pytorch/pytorch/issues/107861,E1,E1,E1,E1,E1,E1,E1
https://github.com/pytorch/pytorch/issues/116385,E1,E1,E1,E1,E1,E1,E1
https://github.com/pytorch/pytorch/issues/116176,G4,G4,G4,G4,G4,G4,G4
https://github.com/pytorch/pytorch/issues/115797,F2,F2,F2,F2,F2,F2,F2
https://github.com/pytorch/pytorch/issues/113037,E1,E1,E1,E1,E1,E1,E1
https://github.com/pytorch/pytorch/issues/112957,G4,G4,G4,G4,G4,G4,G4
https://github.com/pytorch/pytorch/issues/111785,D1,D1,D1,D1,D1,D1,D1
https://github.com/pytorch/pytorch/issues/107084,E3,E3,E3,E3,E3,E3,E3
https://github.com/pytorch/pytorch/issues/56654,G4,G4,G4,G4,G4,G4,G4
https://github.com/pytorch/pytorch/issues/98045,G5,G5,G5,G5,G5,G5,G5
https://github.com/pytorch/pytorch/issues/93365,A3,A3,A3,A3,A3,A3,A3
https://github.com/pytorch/pytorch/issues/49878,E1,F1,E1,E1,F1,E1,E1
https://github.com/pytorch/pytorch/issues/51992,G4,G4,G4,G4,G4,G4,G4
https://github.com/pytorch/pytorch/issues/55036,G5,G5,G5,G5,G5,G5,G5
https://github.com/pytorch/pytorch/issues/56008,A2,A2,A2,A2,A2,A2,A2
https://github.com/pytorch/pytorch/issues/41782,E2,E2,E2,E2,E2,E2,E2
https://github.com/pytorch/pytorch/issues/108211,E1,E1,E1,E1,E1,E1,E1
https://github.com/pytorch/pytorch/issues/38007,A1,A1,A1,A1,A1,A1,A1
https://github.com/pytorch/pytorch/issues/115518,G2,G2,G2,G2,G2,G2,G2
https://github.com/pytorch/pytorch/issues/108388,E1,E1,E1,E1,E1,E1,E1
https://github.com/pytorch/pytorch/issues/104759,E1,E1,E1,E1,E1,E1,E1
https://github.com/pytorch/pytorch/issues/103947,D1,D1,D1,D1,D1,D1,D1
https://github.com/pytorch/pytorch/issues/100793,C2,C2,C2,B3,B3,C2,C2
https://github.com/pytorch/pytorch/issues/100764,G1,G1,G1,G1,G1,G1,G1
https://github.com/pytorch/pytorch/issues/99227,G5,G5,G5,G5,G5,G5,G5
https://github.com/pytorch/pytorch/issues/84351,B1,B1,B1,B1,B1,B1,B1
https://github.com/pytorch/pytorch/issues/80151,E1,E1,E1,E1,E1,E1,E1
https://github.com/pytorch/pytorch/issues/73542,C2,C2,E1,C2,E1,C2,C2
https://github.com/pytorch/pytorch/issues/67658,C2,C2,C2,C2,C2,C2,C2
https://github.com/pytorch/pytorch/issues/59745,G5,G5,G5,G5,G5,G5,G5
https://github.com/pytorch/pytorch/issues/58111,D1,D1,D1,D1,D1,D1,D1
https://github.com/pytorch/pytorch/issues/53399,E1,E1,E1,E1,E1,E1,E1
https://github.com/pytorch/pytorch/issues/46020,B1,B1,B1,B1,B1,B1,B1
https://github.com/pytorch/pytorch/issues/43723,B1,B1,B1,B1,B1,B1,B1
https://github.com/pytorch/pytorch/issues/113642,B1,B1,B1,B1,B1,B1,B1
https://github.com/pytorch/pytorch/issues/66466,G3,G3,G3,G3,G3,G3,G3
https://github.com/pytorch/pytorch/issues/32001,G2,G2,G2,G2,G2,G2,G2
https://github.com/pytorch/pytorch/issues/32532,C2,B3,C2,C2,B3,C2,C2
https://github.com/pytorch/pytorch/issues/31938,G5,G5,G5,G5,G5,G5,G5
https://github.com/pytorch/pytorch/issues/37703,B1,B1,B1,B1,B1,B1,B1
https://github.com/pytorch/pytorch/issues/33439,A4,A4,A4,A4,A4,A4,A4
https://github.com/pytorch/pytorch/issues/33812,E1,E1,E1,E1,E1,E1,E1
https://github.com/pytorch/pytorch/issues/33988,B1,B1,B1,B1,B1,B1,B1
https://github.com/pytorch/pytorch/issues/36046,G5,G5,G5,G5,G5,G5,G5
https://github.com/pytorch/pytorch/issues/36900,G4,G4,G4,G4,G4,G4,G4
https://github.com/pytorch/pytorch/issues/37403,B1,B1,C2,B1,C2,B1,B1
https://github.com/pytorch/pytorch/issues/32638,D1,D1,D1,D1,D1,D1,D1
https://github.com/pytorch/pytorch/issues/75734,E2,E2,E2,E3,E3,E2,E2
https://github.com/pytorch/pytorch/issues/75778,E1,E1,E1,E1,E1,E1,E1
https://github.com/pytorch/pytorch/issues/75932,B1,B1,B1,B1,B1,B1,B1
https://github.com/pytorch/pytorch/issues/76432,C2,C2,C2,C2,C2,C2,C2
https://github.com/pytorch/pytorch/issues/78003,E1,E1,E1,E1,E1,E1,E1
https://github.com/pytorch/pytorch/issues/75411,C2,A4,A4,A4,C2,A4,A4
https://github.com/pytorch/pytorch/issues/80831,E1,E1,E1,E1,E1,E1,E1
https://github.com/pytorch/pytorch/issues/82060,A4,A4,A4,A4,A4,A4,A4
https://github.com/pytorch/pytorch/issues/82963,A4,A4,C2,A4,C2,A4,A4
https://github.com/pytorch/pytorch/issues/109333,G1,G1,G1,G1,G1,G1,G1
https://github.com/pytorch/pytorch/issues/84003,B1,B1,B1,B1,B1,B1,B1
https://github.com/pytorch/pytorch/issues/69801,D2,D2,D2,D2,D2,D2,D2
https://github.com/pytorch/pytorch/issues/65578,G5,G5,G5,G5,G5,G5,G5
https://github.com/pytorch/pytorch/issues/65863,B1,B1,B1,B1,B1,B1,B1
https://github.com/pytorch/pytorch/issues/67660,B1,B1,B1,B1,B1,B1,B1
https://github.com/pytorch/pytorch/issues/68002,E3,E3,E3,E3,E3,E3,E3
https://github.com/pytorch/pytorch/issues/68048,A1,A1,A1,A1,A1,A1,A1
https://github.com/pytorch/pytorch/issues/69339,C2,C2,C2,C2,C2,C2,C2
https://github.com/pytorch/pytorch/issues/69913,E1,E1,E1,E1,E1,E1,E1
https://github.com/pytorch/pytorch/issues/75177,D1,D1,D1,D1,D1,D1,D1
https://github.com/pytorch/pytorch/issues/70015,B1,B1,B1,F1,F1,B1,B1
https://github.com/pytorch/pytorch/issues/71155,C2,C2,C2,C2,C2,C2,C2
https://github.com/pytorch/pytorch/issues/71994,E2,E2,E2,E2,E2,E2,E2
https://github.com/pytorch/pytorch/issues/72204,G1,G1,G2,G1,G2,G1,G1
https://github.com/pytorch/pytorch/issues/73193,A2,A2,A1,A2,A1,A2,A2
https://github.com/pytorch/pytorch/issues/74689,G4,G4,G4,G4,G4,G4,G4
https://github.com/pytorch/pytorch/issues/83393,G2,G3,G2,G2,G3,G2,G2
https://github.com/pytorch/pytorch/issues/95188,A4,A4,A4,A4,A4,A4,A4
https://github.com/pytorch/pytorch/issues/85538,B1,B1,B1,B1,B1,B1,B1
https://github.com/pytorch/pytorch/issues/114721,B1,B1,B1,B1,B1,B1,B1
https://github.com/pytorch/pytorch/issues/105462,C1,C1,C1,C1,C1,C1,C1
https://github.com/pytorch/pytorch/issues/105169,G1,G1,G1,G1,G1,G1,G1
https://github.com/pytorch/pytorch/issues/104478,A3,C2,C2,C2,A3,C2,C2
https://github.com/pytorch/pytorch/issues/104020,B1,B1,B1,B1,B1,B1,B1
https://github.com/pytorch/pytorch/issues/103271,C1,C1,C1,C1,C1,C1,C1
https://github.com/pytorch/pytorch/issues/103142,B2,B2,B2,B2,B2,B2,B2
https://github.com/pytorch/pytorch/issues/103093,E2,E2,E2,E2,E2,E2,E2
https://github.com/pytorch/pytorch/issues/102970,D1,D1,D1,D1,D1,D1,D1
https://github.com/pytorch/pytorch/issues/99968,C2,C2,C2,C2,C2,C2,C2
https://github.com/pytorch/pytorch/issues/113778,D1,D1,D1,D1,D1,D1,D1
https://github.com/pytorch/pytorch/issues/114229,F1,F1,B1,F1,B1,F1,F1
https://github.com/pytorch/pytorch/issues/115201,G5,G5,G5,G5,G5,G5,G5
https://github.com/pytorch/pytorch/issues/85758,B1,B1,B1,B1,B1,B1,B1
https://github.com/pytorch/pytorch/issues/115482,B1,B1,B1,B1,B1,B1,B1
https://github.com/pytorch/pytorch/issues/116095,E1,E1,E1,E1,E1,E1,E1
https://github.com/pytorch/pytorch/issues/61656,G2,G2,G2,G2,G2,G2,G2
https://github.com/pytorch/pytorch/issues/99196,G4,G4,G4,G4,G4,G4,G4
https://github.com/pytorch/pytorch/issues/97562,E1,C2,E1,E1,C2,E1,E1
https://github.com/pytorch/pytorch/issues/95781,A1,A2,A2,A2,A1,A2,A2
https://github.com/pytorch/pytorch/issues/95371,B1,E1,B1,E1,E1,B1,B1
https://github.com/pytorch/pytorch/issues/107661,E1,E1,E1,E1,E1,E1,E1
https://github.com/pytorch/pytorch/issues/92985,A2,A2,A2,A2,A2,A2,A2
https://github.com/pytorch/pytorch/issues/88258,C2,C2,C2,A4,A4,C2,C2
https://github.com/pytorch/pytorch/issues/86954,E1,B1,B1,E1,B1,E1,E1
https://github.com/pytorch/pytorch/issues/64161,G2,G2,G2,G2,G2,G2,G2
https://github.com/pytorch/pytorch/issues/68501,D1,D1,D1,D1,D1,D1,D1
https://github.com/pytorch/pytorch/issues/61353,A1,A1,A1,A1,A1,A1,A1
https://github.com/pytorch/pytorch/issues/41536,E3,E3,E3,E3,E3,E3,E3
https://github.com/pytorch/pytorch/issues/38869,E1,E1,E1,E1,E1,E1,E1
https://github.com/pytorch/pytorch/issues/38568,A1,A1,A1,A1,A1,A1,A1
https://github.com/pytorch/pytorch/issues/38018,G5,G5,G5,G5,G5,G5,G5
https://github.com/pytorch/pytorch/issues/37663,B1,B1,B1,B1,B1,B1,B1
https://github.com/pytorch/pytorch/issues/37530,E1,E1,E1,E1,E1,E1,E1
https://github.com/pytorch/pytorch/issues/37345,F1,F1,F1,F1,F1,F1,F1
https://github.com/pytorch/pytorch/issues/36040,B1,B1,B1,B1,B1,B1,B1
https://github.com/pytorch/pytorch/issues/34779,C2,C2,C2,C2,C2,C2,C2
https://github.com/pytorch/pytorch/issues/34028,G2,G2,G2,G2,G2,G2,G2
https://github.com/pytorch/pytorch/issues/33933,F1,F1,F1,F1,F1,F1,F1
https://github.com/pytorch/pytorch/issues/31768,F1,F1,E1,F1,E1,F1,F1
https://github.com/pytorch/pytorch/issues/52822,C2,C2,C2,C2,C2,C2,C2
https://github.com/pytorch/pytorch/issues/54036,C2,C2,C2,B3,B3,C2,C2
https://github.com/pytorch/pytorch/issues/54495,G2,G2,G2,G2,G2,G2,G2
https://github.com/pytorch/pytorch/issues/59198,B1,B1,B1,G1,G1,B1,B1
https://github.com/pytorch/pytorch/issues/63281,A2,A2,A2,A2,A2,A2,A2
https://github.com/pytorch/pytorch/issues/83606,D2,D1,D1,D2,D1,D2,D2
https://github.com/pytorch/pytorch/issues/85853,C2,C2,C2,C2,C2,C2,C2
https://github.com/pytorch/pytorch/issues/93391,B1,B1,B1,B1,B1,B1,B1
https://github.com/pytorch/pytorch/issues/110161,E1,C2,C2,C2,E1,C2,C2
https://github.com/pytorch/pytorch/issues/60628,C1,C1,C1,C1,C1,C1,C1
https://github.com/pytorch/pytorch/issues/39824,C2,C2,C2,C2,C2,C2,C2
https://github.com/pytorch/pytorch/issues/33986,C2,C2,C2,C2,C2,C2,C2
https://github.com/pytorch/pytorch/issues/41656,E1,E1,E1,E1,E1,E1,E1
https://github.com/pytorch/pytorch/issues/46297,G3,G3,G3,G3,G3,G3,G3
https://github.com/pytorch/pytorch/issues/59568,C1,C1,C1,C1,C1,C1,C1
https://github.com/pytorch/pytorch/issues/41780,C2,C2,C2,C2,C2,C2,C2
https://github.com/pytorch/pytorch/issues/55781,B1,B1,B1,B1,B1,B1,B1
https://github.com/pytorch/pytorch/issues/54889,C2,C2,C2,C2,C2,C2,C2
https://github.com/pytorch/pytorch/issues/53894,G5,G5,G5,G5,G5,G5,G5
https://github.com/pytorch/pytorch/issues/52213,F1,E1,E1,E1,F1,E1,E1
https://github.com/pytorch/pytorch/issues/51216,E1,E1,E1,E1,E1,E1,E1
https://github.com/pytorch/pytorch/issues/50879,C2,C2,C2,C2,C2,C2,C2
https://github.com/pytorch/pytorch/issues/48299,E1,E1,E1,E1,E1,E1,E1
https://github.com/pytorch/pytorch/issues/47088,G4,G4,F2,G4,F2,G4,G4
https://github.com/pytorch/pytorch/issues/52132,B3,C2,A4,C2,A4,C2,C2
https://github.com/pytorch/pytorch/issues/45860,B1,B1,B1,B1,B1,B1,B1
https://github.com/pytorch/pytorch/issues/44484,E1,E1,E1,E1,E1,E1,E1
https://github.com/pytorch/pytorch/issues/43878,B1,B1,B1,B1,B1,B1,B1
https://github.com/pytorch/pytorch/issues/43476,G5,G5,G5,G5,G5,G5,G5
https://github.com/pytorch/pytorch/issues/43228,A3,C2,A3,A3,C2,A3,A3
https://github.com/pytorch/pytorch/issues/43106,B1,B1,B1,B1,B1,B1,B1
https://github.com/pytorch/pytorch/issues/46166,G4,G4,G4,G4,G4,G4,G4
https://github.com/pytorch/pytorch/issues/42364,G5,C2,C2,C2,G5,C2,C2
https://github.com/pytorch/pytorch/issues/42153,B1,B1,B1,B1,B1,B1,B1
https://github.com/pytorch/pytorch/issues/83828,F2,G4,F2,F2,G4,F2,F2
https://github.com/pytorch/pytorch/issues/82293,B3,B3,B3,B3,B3,B3,B3
https://github.com/pytorch/pytorch/issues/80635,G3,G3,G3,G3,G3,G3,G3
https://github.com/pytorch/pytorch/issues/80773,A3,A3,A3,A3,A3,A3,A3
https://github.com/pytorch/pytorch/issues/80856,B1,B1,B1,B1,B1,B1,B1
https://github.com/pytorch/pytorch/issues/81613,E1,E1,E1,E1,E1,E1,E1
https://github.com/pytorch/pytorch/issues/83335,C1,C1,C1,C1,C1,C1,C1
https://github.com/pytorch/pytorch/issues/82305,C1,C1,C1,C1,C1,C1,C1
https://github.com/pytorch/pytorch/issues/82808,B1,B1,B1,B1,B1,B1,B1
https://github.com/pytorch/pytorch/issues/83384,F1,F1,F1,F1,F1,F1,F1
https://github.com/pytorch/pytorch/issues/77750,D1,D1,D1,D1,D1,D1,D1
https://github.com/pytorch/pytorch/issues/80349,G4,G4,G4,G4,G4,G4,G4
https://github.com/pytorch/pytorch/issues/70182,F2,F2,F2,G4,G4,F2,F2
https://github.com/pytorch/pytorch/issues/77280,B1,B1,B1,B1,B1,B1,B1
https://github.com/pytorch/pytorch/issues/77178,E2,E2,E2,E2,E2,E2,E2
https://github.com/pytorch/pytorch/issues/75529,A4,A4,A4,A4,A4,A4,A4
https://github.com/pytorch/pytorch/issues/73628,F1,B1,B1,B1,F1,B1,B1
https://github.com/pytorch/pytorch/issues/73488,D1,D1,D1,D1,D1,D1,D1
https://github.com/pytorch/pytorch/issues/72910,D1,D1,D1,D1,D1,D1,D1
https://github.com/pytorch/pytorch/issues/71809,C2,C2,C2,E1,E1,C2,C2
https://github.com/pytorch/pytorch/issues/70881,E1,E1,E1,E1,E1,E1,E1
https://github.com/pytorch/pytorch/issues/70426,A3,A3,A3,A3,A3,A3,A3
https://github.com/pytorch/pytorch/issues/69792,C2,A4,A4,A4,C2,A4,A4
https://github.com/pytorch/pytorch/issues/69270,C1,C1,C1,C1,C1,C1,C1
https://github.com/pytorch/pytorch/issues/87815,G5,G5,G5,G5,G5,G5,G5
https://github.com/pytorch/pytorch/issues/84181,C2,A4,C2,C2,A4,C2,C2
https://github.com/pytorch/pytorch/issues/114275,A1,A1,A2,A2,A2,A1,A1
https://github.com/pytorch/pytorch/issues/88543,G5,G5,C2,C2,C2,G5,G5
https://github.com/pytorch/pytorch/issues/108963,B3,B3,B3,B3,B3,B3,B3
https://github.com/pytorch/pytorch/issues/66502,A4,A4,A4,A4,A4,A4,A4
https://github.com/pytorch/pytorch/issues/113786,E1,E1,E1,E1,E1,E1,E1
https://github.com/pytorch/pytorch/issues/114231,A1,A1,A1,A1,A1,A1,A1
https://github.com/pytorch/pytorch/issues/114692,B3,B3,B3,B3,B3,B3,B3
https://github.com/pytorch/pytorch/issues/115029,G4,G4,G4,G4,G4,G4,G4
https://github.com/pytorch/pytorch/issues/115035,C1,C1,C1,C1,C1,C1,C1
https://github.com/pytorch/pytorch/issues/115607,B1,B1,B1,B1,B1,B1,B1
https://github.com/pytorch/pytorch/issues/116099,E1,E1,E1,E1,E1,E1,E1
https://github.com/pytorch/pytorch/issues/112285,C1,C1,C1,C1,C1,C1,C1
https://github.com/pytorch/pytorch/issues/110680,B1,C2,C2,C2,B1,C2,C2
https://github.com/pytorch/pytorch/issues/110082,A1,A1,A1,A1,A1,A1,A1
https://github.com/pytorch/pytorch/issues/108021,E1,E1,E1,E1,E1,E1,E1
https://github.com/pytorch/pytorch/issues/91551,G5,G5,G5,G5,G5,G5,G5
https://github.com/pytorch/pytorch/issues/107668,E1,E1,E1,E1,E1,E1,E1
https://github.com/pytorch/pytorch/issues/105736,D1,D1,D1,D1,D1,D1,D1
https://github.com/pytorch/pytorch/issues/105327,E1,E1,E1,E1,E1,E1,E1
https://github.com/pytorch/pytorch/issues/102904,E1,E1,E1,E1,E1,E1,E1
https://github.com/pytorch/pytorch/issues/102720,B1,B1,B1,E1,E1,B1,B1
https://github.com/pytorch/pytorch/issues/102064,D2,D2,D2,D2,D2,D2,D2
https://github.com/pytorch/pytorch/issues/96155,B1,B1,E1,B1,E1,B1,B1
https://github.com/pytorch/pytorch/issues/95794,A3,A3,C2,A3,C2,A3,A3
https://github.com/pytorch/pytorch/issues/95775,E2,E3,E3,E3,E2,E3,E3
https://github.com/pytorch/pytorch/issues/93262,B2,B2,B2,B2,B2,B2,B2
https://github.com/pytorch/pytorch/issues/91758,B1,B1,B1,B1,B1,B1,B1
https://github.com/pytorch/pytorch/issues/68985,C1,B1,B1,B1,C1,B1,B1
https://github.com/pytorch/pytorch/issues/39034,E1,E1,E1,E1,E1,E1,E1
https://github.com/pytorch/pytorch/issues/63271,C2,B3,B3,B3,C2,B3,B3
https://github.com/pytorch/pytorch/issues/35565,C2,C2,C2,C2,C2,C2,C2
https://github.com/pytorch/pytorch/issues/41340,B2,B2,B2,B2,B2,B2,B2
https://github.com/pytorch/pytorch/issues/41057,G1,G1,G1,G1,G1,G1,G1
https://github.com/pytorch/pytorch/issues/40560,F1,F1,E1,F1,E1,F1,F1
https://github.com/pytorch/pytorch/issues/40485,F1,F1,F1,F1,F1,F1,F1
https://github.com/pytorch/pytorch/issues/40023,E1,E2,E2,E2,E1,E2,E2
https://github.com/pytorch/pytorch/issues/38137,E1,E1,E1,E1,E1,E1,E1
https://github.com/pytorch/pytorch/issues/37743,A2,A2,A2,A2,A2,A2,A2
https://github.com/pytorch/pytorch/issues/37015,B1,C1,B1,C1,C1,B1,B1
https://github.com/pytorch/pytorch/issues/36702,G1,G1,G1,G2,G2,G1,G1
https://github.com/pytorch/pytorch/issues/36515,C2,C2,C2,C2,C2,C2,C2
https://github.com/pytorch/pytorch/issues/35778,E3,E3,E3,E3,E3,E3,E3
https://github.com/pytorch/pytorch/issues/33751,E1,E1,E1,E1,E1,E1,E1
https://github.com/pytorch/pytorch/issues/41767,G5,G5,G5,G5,G5,G5,G5
https://github.com/pytorch/pytorch/issues/32329,E3,F1,F1,F1,E3,F1,F1
https://github.com/pytorch/pytorch/issues/41882,G3,G3,G3,G3,G3,G3,G3
https://github.com/pytorch/pytorch/issues/50344,G5,G5,G5,G5,G5,G5,G5
https://github.com/pytorch/pytorch/issues/59946,G3,G3,G3,G3,G3,G3,G3
https://github.com/pytorch/pytorch/issues/60524,E1,E1,E1,E1,E1,E1,E1
https://github.com/pytorch/pytorch/issues/69781,B1,B1,B1,B1,B1,B1,B1
https://github.com/pytorch/pytorch/issues/72612,G2,G2,G2,G2,G2,G2,G2
https://github.com/pytorch/pytorch/issues/76449,D1,D1,D1,D1,D1,D1,D1
https://github.com/pytorch/pytorch/issues/84874,E2,E2,E2,E2,E2,E2,E2
https://github.com/pytorch/pytorch/issues/62954,C1,C1,C1,C1,C1,C1,C1
https://github.com/pytorch/pytorch/issues/84987,G5,G5,G5,G5,G5,G5,G5
https://github.com/pytorch/pytorch/issues/41427,E3,E3,E3,E3,E3,E3,E3
https://github.com/pytorch/pytorch/issues/34551,D1,D1,D1,D1,D1,D1,D1
https://github.com/pytorch/pytorch/issues/42282,B1,B1,E1,B1,E1,B1,B1
https://github.com/pytorch/pytorch/issues/50980,E1,E1,E1,E1,E1,E1,E1
https://github.com/pytorch/pytorch/issues/61242,A3,A3,A3,A3,A3,A3,A3
https://github.com/pytorch/pytorch/issues/62754,G4,G4,G4,G4,G4,G4,G4
https://github.com/pytorch/pytorch/issues/42357,G4,G4,G4,G4,G4,G4,G4
https://github.com/pytorch/pytorch/issues/59916,C2,E1,E1,E1,C2,E1,E1
https://github.com/pytorch/pytorch/issues/55683,E2,E1,E1,E1,E2,E1,E1
https://github.com/pytorch/pytorch/issues/54524,C2,C2,C2,C2,C2,C2,C2
https://github.com/pytorch/pytorch/issues/53730,E1,E1,E1,E1,E1,E1,E1
https://github.com/pytorch/pytorch/issues/52502,F2,F2,F2,F2,F2,F2,F2
https://github.com/pytorch/pytorch/issues/51092,E1,E1,E1,E1,E1,E1,E1
https://github.com/pytorch/pytorch/issues/51036,G4,G4,G4,G4,G4,G4,G4
https://github.com/pytorch/pytorch/issues/51013,C2,C2,C2,C2,C2,C2,C2
https://github.com/pytorch/pytorch/issues/51930,C2,C2,C2,C2,C2,C2,C2
https://github.com/pytorch/pytorch/issues/48230,B2,B2,B2,B2,B2,B2,B2
https://github.com/pytorch/pytorch/issues/47671,E1,E1,E1,E1,E1,E1,E1
https://github.com/pytorch/pytorch/issues/45746,E1,E1,E1,E1,E1,E1,E1
https://github.com/pytorch/pytorch/issues/42506,G2,G1,G2,G2,G1,G2,G2
https://github.com/pytorch/pytorch/issues/45324,D1,D1,D1,D1,D1,D1,D1
https://github.com/pytorch/pytorch/issues/45269,E2,E2,E2,E3,E3,E2,E2
https://github.com/pytorch/pytorch/issues/44792,C2,B3,C2,C2,B3,C2,C2
https://github.com/pytorch/pytorch/issues/42560,B1,B1,F1,B1,F1,B1,B1
https://github.com/pytorch/pytorch/issues/44662,D1,D1,D1,D1,D1,D1,D1
https://github.com/pytorch/pytorch/issues/43834,G3,G3,G3,G3,G3,G3,G3
https://github.com/pytorch/pytorch/issues/49819,F1,F1,F1,F1,F1,F1,F1
https://github.com/pytorch/pytorch/issues/83243,A4,A4,A4,A4,A4,A4,A4
https://github.com/pytorch/pytorch/issues/78886,F1,F1,F1,F1,F1,F1,F1
https://github.com/pytorch/pytorch/issues/78363,G5,G5,G5,C2,C2,G5,G5
https://github.com/pytorch/pytorch/issues/78499,E1,C2,E1,C2,C2,E1,E1
https://github.com/pytorch/pytorch/issues/80826,F1,F1,F1,F1,F1,F1,F1
https://github.com/pytorch/pytorch/issues/78355,G4,G4,G4,G4,G4,G4,G4
https://github.com/pytorch/pytorch/issues/79181,C1,C1,C1,C1,C1,C1,C1
https://github.com/pytorch/pytorch/issues/82921,G1,G1,G1,G1,G1,G1,G1
https://github.com/pytorch/pytorch/issues/80850,B3,B3,C2,B3,C2,B3,B3
https://github.com/pytorch/pytorch/issues/82913,E1,E1,E1,E1,E1,E1,E1
https://github.com/pytorch/pytorch/issues/83054,G4,G4,G4,G4,G4,G4,G4
https://github.com/pytorch/pytorch/issues/83887,E1,E1,E1,E1,E1,E1,E1
https://github.com/pytorch/pytorch/issues/77554,D2,D2,D2,D2,D2,D2,D2
https://github.com/pytorch/pytorch/issues/77878,B2,B2,B2,B2,B2,B2,B2
https://github.com/pytorch/pytorch/issues/71645,G2,G2,G2,G2,G2,G2,G2
https://github.com/pytorch/pytorch/issues/77163,E3,E3,E3,E3,E3,E3,E3
https://github.com/pytorch/pytorch/issues/76865,B1,B1,B1,B1,B1,B1,B1
https://github.com/pytorch/pytorch/issues/76422,A3,A3,A3,A3,A3,A3,A3
https://github.com/pytorch/pytorch/issues/75009,B1,B1,B1,B1,B1,B1,B1
https://github.com/pytorch/pytorch/issues/73489,C1,C1,C1,C1,C1,C1,C1
https://github.com/pytorch/pytorch/issues/73154,G5,G5,G5,G5,G5,G5,G5
https://github.com/pytorch/pytorch/issues/72947,G5,G5,G5,G5,G5,G5,G5
https://github.com/pytorch/pytorch/issues/72900,A3,A3,A3,A3,A3,A3,A3
https://github.com/pytorch/pytorch/issues/72129,A3,A2,A2,A2,A3,A2,A2
https://github.com/pytorch/pytorch/issues/71855,A4,C2,A4,A4,C2,A4,A4
https://github.com/pytorch/pytorch/issues/71094,F1,F1,F1,E1,E1,F1,F1
https://github.com/pytorch/pytorch/issues/70368,E1,E1,E1,E1,E1,E1,E1
https://github.com/pytorch/pytorch/issues/70032,E1,E1,E1,E1,E1,E1,E1
https://github.com/pytorch/pytorch/issues/85007,B3,B3,B3,B3,B3,B3,B3
https://github.com/pytorch/pytorch/issues/70027,B3,C2,C2,C2,B3,C2,C2
https://github.com/pytorch/pytorch/issues/84172,A3,A3,A3,A3,A3,A3,A3
https://github.com/pytorch/pytorch/issues/111889,F1,F1,F1,B1,B1,F1,F1
https://github.com/pytorch/pytorch/issues/85088,F1,F1,F1,B1,B1,F1,F1
https://github.com/pytorch/pytorch/issues/85213,A2,A2,A2,A2,A2,A2,A2
https://github.com/pytorch/pytorch/issues/69773,G4,G4,G4,G4,G4,G4,G4
https://github.com/pytorch/pytorch/issues/116331,G3,G3,G3,G3,G3,G3,G3
https://github.com/pytorch/pytorch/issues/115818,A3,A3,A3,A3,A3,A3,A3
https://github.com/pytorch/pytorch/issues/114020,E1,E1,E1,E1,E1,E1,E1
https://github.com/pytorch/pytorch/issues/113788,C2,C2,C2,C2,C2,C2,C2
https://github.com/pytorch/pytorch/issues/112732,B1,B1,B1,B1,B1,B1,B1
https://github.com/pytorch/pytorch/issues/111517,E3,E3,E3,E3,E3,E3,E3
https://github.com/pytorch/pytorch/issues/109102,G5,G5,G5,G5,G5,G5,G5
https://github.com/pytorch/pytorch/issues/107928,G3,G3,G3,G3,G3,G3,G3
https://github.com/pytorch/pytorch/issues/107842,C1,C1,C1,C1,C1,C1,C1
https://github.com/pytorch/pytorch/issues/107698,B1,B1,B1,B1,B1,B1,B1
https://github.com/pytorch/pytorch/issues/104893,A2,A2,A2,A2,A2,A2,A2
https://github.com/pytorch/pytorch/issues/102152,E2,E2,E2,E2,E2,E2,E2
https://github.com/pytorch/pytorch/issues/100455,E1,E1,E1,E1,E1,E1,E1
https://github.com/pytorch/pytorch/issues/99653,E1,E1,E1,E1,E1,E1,E1
https://github.com/pytorch/pytorch/issues/96887,B1,G1,B1,B1,G1,B1,B1
https://github.com/pytorch/pytorch/issues/96445,F1,F1,B1,F1,B1,F1,F1
https://github.com/pytorch/pytorch/issues/96229,A3,A3,A3,A3,A3,A3,A3
https://github.com/pytorch/pytorch/issues/91570,G4,G4,G4,G4,G4,G4,G4
https://github.com/pytorch/pytorch/issues/91393,E1,E1,E1,E1,E1,E1,E1
https://github.com/pytorch/pytorch/issues/91097,B1,C1,B1,B1,C1,B1,B1
https://github.com/pytorch/pytorch/issues/90272,E1,E1,E1,E1,E1,E1,E1
https://github.com/pytorch/pytorch/issues/90141,F2,F1,G4,F2,G4,F2,F2
https://github.com/pytorch/pytorch/issues/90097,C2,C2,C2,C2,C2,C2,C2
https://github.com/pytorch/pytorch/issues/88312,E1,E1,E1,E1,E1,E1,E1
https://github.com/pytorch/pytorch/issues/87997,E1,E1,E1,E1,E1,E1,E1
https://github.com/pytorch/pytorch/issues/87359,G3,G3,G3,G3,G3,G3,G3
https://github.com/pytorch/pytorch/issues/85410,B2,B2,B3,B2,B3,B2,B2
https://github.com/pytorch/pytorch/issues/85409,G3,G3,G3,G3,G3,G3,G3
https://github.com/pytorch/pytorch/issues/69905,A4,C2,C2,C2,A4,C2,C2
https://github.com/pytorch/pytorch/issues/82071,B3,B2,B2,B2,B3,B2,B2
https://github.com/pytorch/pytorch/issues/69512,A3,A3,C2,A3,C2,A3,A3
https://github.com/pytorch/pytorch/issues/44273,G1,G1,G1,G1,G1,G1,G1
https://github.com/pytorch/pytorch/issues/43607,E1,E1,E1,E1,E1,E1,E1
https://github.com/pytorch/pytorch/issues/42648,E2,E1,E1,E1,E2,E1,E1
https://github.com/pytorch/pytorch/issues/41768,D2,D2,D1,D1,D1,D2,D2
https://github.com/pytorch/pytorch/issues/41529,E2,E2,E2,E2,E2,E2,E2
https://github.com/pytorch/pytorch/issues/41406,C1,C1,C1,C1,C1,C1,C1
https://github.com/pytorch/pytorch/issues/41047,B1,B1,B1,B1,B1,B1,B1
https://github.com/pytorch/pytorch/issues/40553,C1,C1,C1,C1,C1,C1,C1
https://github.com/pytorch/pytorch/issues/39565,G1,B1,B1,B1,G1,B1,B1
https://github.com/pytorch/pytorch/issues/38922,E2,E2,E2,E2,E2,E2,E2
https://github.com/pytorch/pytorch/issues/38710,G5,G5,G5,G5,G5,G5,G5
https://github.com/pytorch/pytorch/issues/37844,B1,B1,B1,B1,B1,B1,B1
https://github.com/pytorch/pytorch/issues/37490,A1,A1,A1,A1,A1,A1,A1
https://github.com/pytorch/pytorch/issues/37156,G4,G4,G4,G4,G4,G4,G4
https://github.com/pytorch/pytorch/issues/35470,E1,F1,E1,E1,F1,E1,E1
https://github.com/pytorch/pytorch/issues/34295,C2,E1,E1,E1,C2,E1,E1
https://github.com/pytorch/pytorch/issues/34191,D1,D1,D1,D1,D1,D1,D1
https://github.com/pytorch/pytorch/issues/33961,G4,G4,G4,G4,G4,G4,G4
https://github.com/pytorch/pytorch/issues/33552,E1,E1,E1,E1,E1,E1,E1
https://github.com/pytorch/pytorch/issues/33401,B1,B1,B1,B1,B1,B1,B1
https://github.com/pytorch/pytorch/issues/33348,F1,F1,F1,F1,F1,F1,F1
https://github.com/pytorch/pytorch/issues/33300,E1,E1,F1,E1,F1,E1,E1
https://github.com/pytorch/pytorch/issues/33203,G3,G3,G3,G3,G3,G3,G3
https://github.com/pytorch/pytorch/issues/32517,C2,B1,B1,C2,B1,C2,C2
https://github.com/pytorch/pytorch/issues/32291,B1,B1,G1,B1,G1,B1,B1
https://github.com/pytorch/pytorch/issues/32265,C1,C1,C1,C1,C1,C1,C1
https://github.com/pytorch/pytorch/issues/31947,B1,B1,B1,B1,B1,B1,B1
https://github.com/pytorch/pytorch/issues/31944,A3,A3,A3,A3,A3,A3,A3
https://github.com/pytorch/pytorch/issues/31762,E1,E1,E1,E1,E1,E1,E1
https://github.com/pytorch/pytorch/issues/68391,E1,E1,E1,E1,E1,E1,E1
https://github.com/pytorch/pytorch/issues/43774,B1,B1,B1,B1,B1,B1,B1
https://github.com/pytorch/pytorch/issues/37084,E1,E1,E1,E1,E1,E1,E1
https://github.com/pytorch/pytorch/issues/45334,A3,A3,A3,A3,A3,A3,A3
https://github.com/pytorch/pytorch/issues/58653,F1,F1,F1,F1,F1,F1,F1
https://github.com/pytorch/pytorch/issues/68079,G1,G1,G1,G1,G1,G1,G1
https://github.com/pytorch/pytorch/issues/45579,G3,G3,G3,G3,G3,G3,G3
https://github.com/pytorch/pytorch/issues/67140,E1,E1,E1,E1,E1,E1,E1
https://github.com/pytorch/pytorch/issues/66353,B3,B3,B3,C2,C2,B3,B3
https://github.com/pytorch/pytorch/issues/66037,B1,B1,B1,B1,B1,B1,B1
https://github.com/pytorch/pytorch/issues/65709,B1,B1,B1,B1,B1,B1,B1
https://github.com/pytorch/pytorch/issues/65083,G3,G3,G3,G3,G3,G3,G3
https://github.com/pytorch/pytorch/issues/64358,C1,C1,C1,C1,C1,C1,C1
https://github.com/pytorch/pytorch/issues/64163,B1,B1,B1,B1,B1,B1,B1
https://github.com/pytorch/pytorch/issues/63427,B3,B3,B3,B3,B3,B3,B3
https://github.com/pytorch/pytorch/issues/62940,E3,E3,E3,E3,E3,E3,E3
https://github.com/pytorch/pytorch/issues/62780,D2,D1,D2,D2,D1,D2,D2
https://github.com/pytorch/pytorch/issues/60084,G3,G3,G3,G3,G3,G3,G3
https://github.com/pytorch/pytorch/issues/59196,C2,C2,C2,C2,C2,C2,C2
https://github.com/pytorch/pytorch/issues/63943,A2,A2,A2,A2,A2,A2,A2
https://github.com/pytorch/pytorch/issues/58101,B1,B1,B1,B1,B1,B1,B1
https://github.com/pytorch/pytorch/issues/52719,G4,G4,G4,G4,G4,G4,G4
https://github.com/pytorch/pytorch/issues/45922,A4,A4,C2,A4,C2,A4,A4
https://github.com/pytorch/pytorch/issues/46702,D2,D2,D2,D2,D2,D2,D2
https://github.com/pytorch/pytorch/issues/46764,E1,E1,E1,E1,E1,E1,E1
https://github.com/pytorch/pytorch/issues/49159,E1,E1,E1,E1,E1,E1,E1
https://github.com/pytorch/pytorch/issues/49172,E1,E1,E2,E1,E2,E1,E1
https://github.com/pytorch/pytorch/issues/51352,B3,B3,B3,B3,B3,B3,B3
https://github.com/pytorch/pytorch/issues/49952,C2,C2,C2,C2,C2,C2,C2
https://github.com/pytorch/pytorch/issues/53393,D1,D1,D1,D1,D1,D1,D1
https://github.com/pytorch/pytorch/issues/53720,C1,C1,C1,C1,C1,C1,C1
https://github.com/pytorch/pytorch/issues/56474,B1,B1,B1,B1,B1,B1,B1
https://github.com/pytorch/pytorch/issues/57122,C2,C2,C2,C2,C2,C2,C2
https://github.com/pytorch/pytorch/issues/57286,C2,C2,C2,G5,G5,C2,C2
https://github.com/pytorch/pytorch/issues/80508,A3,A3,A3,A3,A3,A3,A3
https://github.com/pytorch/pytorch/issues/78549,B1,B1,B1,B1,B1,B1,B1
https://github.com/pytorch/pytorch/issues/78659,B1,C1,C1,C1,B1,C1,C1
https://github.com/pytorch/pytorch/issues/78868,B1,B1,C2,B1,C2,B1,B1
https://github.com/pytorch/pytorch/issues/78879,C1,C1,C1,C1,C1,C1,C1
https://github.com/pytorch/pytorch/issues/79876,F2,G4,F2,F2,G4,F2,F2
https://github.com/pytorch/pytorch/issues/83052,E1,E1,E1,E1,E1,E1,E1
https://github.com/pytorch/pytorch/issues/81127,C1,C1,C1,C1,C1,C1,C1
https://github.com/pytorch/pytorch/issues/81684,C2,B1,C2,C2,B1,C2,C2
https://github.com/pytorch/pytorch/issues/81758,B1,B1,B1,B1,B1,B1,B1
https://github.com/pytorch/pytorch/issues/82335,B3,B2,B3,C2,B2,C2,B3
https://github.com/pytorch/pytorch/issues/82483,D2,D2,D2,D2,D2,D2,D2
https://github.com/pytorch/pytorch/issues/83151,E1,E1,E1,E1,E1,E1,E1
https://github.com/pytorch/pytorch/issues/77742,A1,A1,A1,A1,A1,A1,A1
https://github.com/pytorch/pytorch/issues/78250,C2,C2,C2,C2,C2,C2,C2
https://github.com/pytorch/pytorch/issues/72049,E1,E1,E1,E1,E1,E1,E1
https://github.com/pytorch/pytorch/issues/76540,F2,F2,F2,F2,F2,F2,F2
https://github.com/pytorch/pytorch/issues/73624,B2,B2,B1,B2,B1,B2,B2
https://github.com/pytorch/pytorch/issues/85535,G5,G5,G5,G5,G5,G5,G5
https://github.com/pytorch/pytorch/issues/71878,E1,E1,E1,E1,E1,E1,E1
https://github.com/pytorch/pytorch/issues/72053,A2,A2,A2,A2,A2,A2,A2
https://github.com/pytorch/pytorch/issues/72073,G4,G4,G4,G4,G4,G4,G4
https://github.com/pytorch/pytorch/issues/72655,G4,G4,G4,G4,G4,G4,G4
https://github.com/pytorch/pytorch/issues/73421,E1,E1,E1,E1,E1,E1,E1
https://github.com/pytorch/pytorch/issues/73644,F1,F1,F1,F1,F1,F1,F1
https://github.com/pytorch/pytorch/issues/76224,G1,G1,G1,G1,G1,G1,G1
https://github.com/pytorch/pytorch/issues/73792,A3,A3,A3,A3,A3,A3,A3
https://github.com/pytorch/pytorch/issues/74087,E1,E1,E1,E1,E1,E1,E1
https://github.com/pytorch/pytorch/issues/74419,B1,B1,B1,B1,B1,B1,B1
https://github.com/pytorch/pytorch/issues/74779,B1,B1,F1,F1,F1,B1,B1
https://github.com/pytorch/pytorch/issues/75852,E1,E1,E1,E1,E1,E1,E1
https://github.com/pytorch/pytorch/issues/75889,B3,B2,B3,B3,B2,B3,B3
https://github.com/pytorch/pytorch/issues/85237,G2,G2,G2,G2,G2,G2,G2
https://github.com/pytorch/pytorch/issues/115638,F1,F1,F1,F1,F1,F1,F1
https://github.com/pytorch/pytorch/issues/86664,C1,B1,B1,B1,C1,B1,B1
https://github.com/pytorch/pytorch/issues/110847,B1,B1,B1,B1,B1,B1,B1
https://github.com/pytorch/pytorch/issues/116575,B1,G1,G1,B1,G1,B1,B1
https://github.com/pytorch/pytorch/issues/71617,A2,A2,A2,A2,A2,A2,A2
https://github.com/pytorch/pytorch/issues/115575,B1,B1,B1,B1,B1,B1,B1
https://github.com/pytorch/pytorch/issues/115085,D2,D2,D2,D2,D2,D2,D2
https://github.com/pytorch/pytorch/issues/115066,F1,F1,F1,F1,F1,F1,F1
https://github.com/pytorch/pytorch/issues/114207,B2,B2,B2,B2,B2,B2,B2
https://github.com/pytorch/pytorch/issues/113172,C2,E1,C2,C2,E1,C2,C2
https://github.com/pytorch/pytorch/issues/113014,D2,A3,D2,D2,A3,D2,D2
https://github.com/pytorch/pytorch/issues/112559,E1,E1,E1,E1,E1,E1,E1
https://github.com/pytorch/pytorch/issues/112137,C1,C1,C1,C1,C1,C1,C1
https://github.com/pytorch/pytorch/issues/111710,C1,C1,C1,C1,C1,C1,C1
https://github.com/pytorch/pytorch/issues/111634,F1,F1,F1,E1,E1,F1,F1
https://github.com/pytorch/pytorch/issues/111365,B1,B1,B1,B1,B1,B1,B1
https://github.com/pytorch/pytorch/issues/111328,C2,C2,C2,C2,C2,C2,C2
